Species,Longitude,Latitude,bio_1,bio_2,bio_3,bio_4,bio_5,bio_6,bio_7,bio_8,bio_9,bio_10,bio_11,bio_12,bio_13,bio_14,bio_15,bio_16,bio_17,bio_18,bio_19
221,-121.7307949,41.82977507,91,119,35,7289,292,-43,335,10,203,203,0,350,49,7,45,143,30,30,136
221,-122.3452816,41.68982802,113,121,36,7102,309,-21,330,30,220,220,23,538,88,9,61,256,34,34,254
221,-120.4291676,41.57234499,95,116,33,7895,302,-48,350,6,216,216,-4,399,56,7,48,163,28,28,162
221,-121.114908,41.13017075,103,120,34,7682,307,-40,347,5,219,219,5,413,62,5,55,185,20,20,185
221,-121.045248,41.13973167,102,120,34,7698,307,-41,348,5,219,219,5,388,55,5,51,164,21,21,164
221,-120.505814,40.3814919,110,122,34,7861,314,-40,355,8,227,227,8,306,54,5,61,158,16,16,158
221,-122.096398,39.84483142,177,122,36,7056,369,39,329,85,279,279,85,620,129,1,84,368,9,9,368
221,-121.5393501,39.4395837,177,123,37,6819,365,41,324,87,274,274,87,809,155,1,81,445,6,6,445
221,-122.0427242,38.95255673,169,121,40,5932,340,42,297,89,251,251,89,458,100,1,92,287,5,5,287
221,-121.3196874,38.93102876,179,123,39,6331,358,47,310,94,268,268,94,652,133,1,84,377,6,6,377
221,-122.8747091,38.51457127,154,91,42,4132,273,59,214,97,206,210,97,988,230,1,94,653,9,9,653
221,-123.0916589,38.44568686,145,74,42,3362,240,67,172,98,186,191,98,1186,241,1,88,697,11,13,697
221,-122.0134971,38.63024536,166,118,42,5461,325,44,281,90,240,240,90,514,119,1,95,332,5,5,332
221,-122.061062,38.51819704,153,115,42,5167,306,36,270,82,222,223,82,604,143,0,96,397,4,4,397
221,-122.397909,38.44019051,159,105,43,4674,296,51,245,93,221,221,93,610,142,1,93,392,5,5,392
221,-122.9107927,38.32083654,149,80,43,3566,251,64,186,98,195,196,98,936,201,1,89,571,8,8,571
221,-122.3518013,38.38270021,158,105,43,4634,295,50,244,93,220,220,93,602,144,1,95,396,5,5,396
221,-121.9848914,38.43877975,164,115,42,5123,315,46,269,92,229,233,92,550,130,0,97,363,3,3,363
221,-122.2792083,38.34798993,158,106,43,4646,296,50,245,96,220,220,93,622,127,1,88,361,6,6,360
221,-122.0357032,38.3952467,158,114,43,4995,307,43,263,89,222,226,89,577,137,0,98,383,4,4,383
221,-121.3847927,38.49782452,175,122,41,5717,342,49,293,98,254,254,98,457,94,1,86,266,3,3,266
221,-121.8859291,38.38538957,166,116,43,5137,319,48,270,95,233,236,95,530,118,0,93,329,3,3,329
221,-122.5686198,38.23264124,153,92,43,3961,269,58,210,97,205,205,97,737,161,1,90,448,6,6,448
221,-122.395849,38.25305753,151,100,43,4296,278,49,228,90,207,208,90,774,170,1,91,478,7,7,478
221,-122.0236629,38.32752148,159,112,43,4847,303,45,257,91,221,224,91,585,131,0,95,370,4,4,370
221,-122.0888919,38.30111122,157,110,43,4752,299,46,252,90,217,221,90,567,126,0,95,359,4,4,359
221,-122.4450055,38.2224433,157,97,43,4156,279,58,221,98,212,212,98,633,147,1,94,410,5,5,410
221,-122.3253761,38.23657367,158,101,43,4333,287,55,231,97,216,216,97,601,135,1,92,381,5,5,381
221,-121.3419685,38.43387772,175,122,41,5703,342,49,293,98,254,254,98,468,96,1,86,273,3,3,273
221,-122.9048015,38.09221473,140,70,44,3052,226,65,160,96,177,180,96,1053,221,1,88,623,10,10,623
221,-121.6666592,38.36301652,170,119,42,5319,328,49,279,97,243,243,97,441,93,0,88,263,2,2,263
221,-121.8994761,38.31243485,165,115,43,4995,314,49,265,95,232,232,95,512,113,0,92,318,2,2,318
221,-122.1111414,38.24176185,161,108,43,4603,298,52,246,96,219,222,96,508,117,0,94,330,4,4,330
221,-122.8144731,38.0804958,143,73,44,3107,232,68,164,99,184,184,99,822,182,1,91,509,7,7,509
221,-122.63648,38.11895135,140,83,44,3512,242,54,187,90,186,186,90,835,188,1,93,523,5,5,523
221,-122.4541235,38.1575161,155,94,44,3966,272,59,212,98,207,207,98,715,163,1,93,456,5,5,456
221,-121.727603,38.31441629,169,118,43,5171,323,49,273,97,238,238,97,451,97,0,90,273,2,2,273
221,-122.9675295,38.04097026,142,61,43,2681,218,77,140,104,172,177,104,1012,223,1,91,626,9,10,626
221,-122.2298525,38.20162492,152,103,44,4347,282,48,233,90,210,210,90,660,135,1,86,381,7,7,381
221,-121.2745212,38.39869249,176,123,41,5736,343,50,294,98,255,255,98,484,99,1,85,281,3,3,281
221,-122.5282958,38.12576142,154,90,44,3835,267,61,205,99,205,205,99,726,166,1,93,459,5,5,459
221,-121.3337609,38.38122683,175,122,42,5654,340,49,291,98,253,253,98,466,96,1,86,272,3,3,272
221,-119.652113,38.7080108,57,122,36,7272,246,-92,339,-33,165,165,-35,613,106,15,60,293,48,48,293
221,-122.2093718,38.15938045,155,102,44,4269,282,52,230,94,211,211,94,630,128,1,86,363,5,5,363
221,-122.5438898,38.07468303,144,85,44,3559,249,57,191,93,191,191,93,821,199,1,97,549,5,5,549
221,-121.3653609,38.3182327,175,122,42,5553,338,50,288,99,251,251,99,450,92,1,86,261,3,3,261
221,-121.2935696,38.32644089,175,122,42,5596,339,50,289,99,252,252,99,458,93,1,85,265,3,3,265
221,-122.2819522,38.10255047,157,99,44,4126,280,57,222,98,211,211,98,599,127,1,89,360,5,5,360
221,-121.4543298,38.28052547,173,121,42,5414,333,50,284,98,247,247,98,433,88,1,86,252,3,3,252
221,-121.974193,38.1545071,162,110,44,4608,300,52,248,97,223,223,97,481,103,0,90,293,2,2,293
221,-122.1120686,38.12198303,157,105,44,4360,287,51,236,95,214,214,95,508,117,0,95,334,3,3,334
221,-122.6150662,38.0089797,138,81,44,3384,237,55,182,90,183,183,90,866,202,1,94,558,5,5,558
221,-122.5179443,38.02003012,150,85,44,3537,254,63,190,100,197,197,100,755,172,1,94,480,5,5,480
221,-119.8062296,38.56314447,43,122,37,6898,227,-101,328,-44,145,145,-44,839,156,12,69,431,39,39,431
221,-121.4266743,38.23088408,172,121,42,5361,331,50,282,99,245,245,99,424,86,1,86,246,3,3,246
221,-122.7119331,37.94803458,137,70,44,2956,222,64,158,95,174,176,95,947,207,1,92,584,8,8,584
221,-121.290027,38.25533605,175,122,42,5589,339,50,289,99,252,252,99,463,93,1,85,266,3,3,266
221,-121.215032,38.2705639,176,122,42,5633,340,50,291,99,253,253,99,471,95,1,85,271,3,3,271
221,-120.9207955,38.31230317,177,123,40,5982,348,47,300,97,261,261,97,574,113,1,83,326,5,5,326
221,-122.2434325,38.01587244,150,98,44,4012,270,51,218,92,202,202,92,608,125,1,85,349,5,5,349
221,-122.493262,37.95507633,150,83,45,3399,250,66,184,101,195,195,101,696,158,1,93,440,5,5,440
221,-121.1694166,38.22744684,175,122,42,5629,340,50,291,99,253,253,99,467,93,1,85,267,3,3,267
221,-122.0286094,38.01951711,157,105,44,4325,287,51,236,95,214,214,95,487,99,1,86,283,4,4,283
221,-121.0293125,38.22958578,177,123,41,5813,345,49,296,98,258,258,98,509,101,1,84,291,5,5,291
221,-121.0935816,38.20839696,176,123,41,5721,343,48,293,98,256,256,98,502,100,1,84,288,5,5,288
221,-121.2286771,38.16756583,175,122,42,5538,338,50,288,99,251,251,99,451,90,1,85,257,3,3,257
221,-121.1558577,38.17954285,176,122,42,5632,341,49,291,99,254,254,99,461,92,1,85,263,3,3,263
221,-121.6607088,38.06546603,166,116,44,4891,314,50,264,98,232,232,98,382,78,1,86,223,3,3,223
221,-121.247604,38.11642403,174,122,42,5447,335,50,285,99,249,249,99,421,84,1,85,239,3,3,239
221,-121.126273,38.13694391,176,122,42,5589,340,50,290,100,253,253,100,442,87,1,84,249,3,3,249
221,-121.7448637,38.00237109,164,114,44,4722,307,51,256,97,227,227,97,371,77,1,86,219,3,3,219
221,-121.6316571,38.02115563,166,116,44,4830,312,50,261,98,230,230,98,373,76,1,86,216,3,3,216
221,-122.0882603,37.89554654,147,99,45,3965,268,49,218,91,199,200,91,441,101,1,93,287,3,3,287
221,-121.2506385,38.06696349,173,121,43,5350,332,50,282,99,246,246,99,398,79,1,85,225,3,3,225
221,-121.6446181,37.97116433,165,115,44,4770,309,50,259,98,229,229,98,360,74,1,86,211,3,3,211
221,-121.8007199,37.93252764,152,110,45,4466,288,43,245,89,211,211,89,362,83,1,93,236,3,3,236
221,-121.7348127,37.94425778,161,112,44,4593,301,49,251,96,222,222,96,347,75,1,90,215,3,3,215
221,-121.452984,37.99354592,169,119,43,5043,321,50,271,99,237,237,99,359,72,1,85,203,3,3,203
221,-121.0784521,38.06655801,176,123,42,5600,340,49,290,100,253,253,100,427,83,1,83,238,3,3,238
221,-122.1121623,37.84108908,143,98,45,3884,261,45,215,87,193,194,87,479,102,1,89,291,4,4,291
221,-121.2558552,38.00539018,173,121,43,5303,331,50,281,100,245,245,100,382,76,1,84,215,3,3,215
221,-121.1608298,38.02292336,174,122,42,5457,336,50,286,100,250,250,100,393,78,1,84,221,3,3,221
221,-119.7868819,38.30064164,56,121,37,6824,238,-85,324,-29,157,157,-29,758,145,8,73,408,25,25,408
221,-119.6056875,38.33436022,20,121,37,6854,201,-123,325,-66,121,121,-66,787,151,12,73,421,38,38,421
221,-121.7081433,37.89861813,161,113,44,4590,301,49,252,96,222,222,96,332,71,1,89,203,3,3,203
221,-121.5087865,37.9380626,167,117,44,4879,315,50,264,99,230,232,99,352,70,1,84,198,4,4,198
221,-122.4904287,37.72267344,143,74,45,2949,229,67,162,100,181,181,100,688,139,1,87,392,7,7,392
221,-121.3702929,37.965895,171,120,43,5150,325,50,275,99,241,241,99,362,73,1,85,204,3,3,204
221,-121.0411225,38.014768,176,123,42,5609,340,49,290,100,253,254,100,416,79,1,82,227,3,3,227
221,-121.4222165,37.93376432,169,118,44,4990,319,50,269,99,236,236,99,349,70,1,84,197,3,3,197
221,-121.2103721,37.9683906,173,121,43,5308,331,50,281,100,246,246,100,367,73,1,84,206,3,3,206
221,-121.6342885,37.87285282,162,113,44,4590,302,50,252,97,220,223,97,321,69,1,88,196,3,4,196
221,-122.4945928,37.66494598,139,70,45,2770,221,68,153,99,174,175,99,692,137,2,86,389,8,8,389
221,-121.5172569,37.8782319,166,116,44,4825,313,50,262,99,227,231,99,343,68,1,84,192,5,5,192
221,-121.3103908,37.91950227,171,120,43,5154,326,50,276,100,241,241,100,349,70,1,84,195,3,3,195
221,-121.0430555,37.9555905,175,123,42,5477,337,50,287,101,251,251,101,374,73,1,83,207,3,3,207
221,-121.9580668,37.7596798,146,102,45,4009,269,45,223,89,198,199,89,429,93,1,91,266,3,3,266
221,-121.2300511,37.91236776,172,121,43,5219,328,50,278,100,243,243,100,336,66,1,83,186,3,3,186
221,-121.156452,37.92650461,174,122,43,5371,333,50,283,100,248,248,100,360,70,1,83,200,3,3,200
221,-121.4297498,37.8680482,167,118,44,4886,316,50,265,99,229,233,99,333,66,1,83,185,5,5,185
221,-121.2972801,37.87400645,170,120,43,5060,323,50,272,100,239,239,100,325,64,1,83,179,3,3,179
221,-121.5960131,37.80832099,162,114,45,4594,303,50,253,97,220,224,97,306,64,1,86,181,4,5,181
221,-121.5299439,37.82027024,165,116,44,4716,309,51,258,99,225,228,99,319,64,1,84,181,4,5,181
221,-122.1507417,37.67547672,152,90,46,3510,258,62,196,101,197,197,101,490,103,1,88,292,5,5,292
221,-121.3985358,37.82807364,168,118,44,4896,317,50,266,99,230,234,99,323,63,1,82,178,5,5,178
221,-121.1796872,37.87446106,172,121,43,5232,329,50,279,100,244,244,100,330,64,1,83,180,3,3,180
221,-121.9822307,37.70186439,137,98,46,3794,253,40,213,82,186,187,82,493,99,1,85,282,5,5,282
221,-121.0163481,37.90435392,175,123,42,5492,338,50,287,101,252,252,101,367,70,1,82,201,3,3,201
221,-121.2420464,37.83854288,171,121,43,5174,327,50,277,100,242,242,100,328,64,1,83,180,3,3,180
221,-121.8533909,37.70465054,151,103,45,4016,274,49,225,93,200,204,93,371,76,1,87,218,4,5,218
221,-121.3230516,37.80916429,170,119,44,5014,321,50,271,100,237,238,100,320,62,1,82,175,3,3,175
221,-121.1114047,37.85251716,174,122,43,5344,333,50,283,101,247,247,101,340,65,1,82,185,3,3,185
221,-121.4809684,37.77051148,165,116,44,4725,310,50,259,99,225,229,99,304,60,1,83,170,4,5,170
221,-122.488578,37.53375634,137,64,46,2511,212,72,139,101,168,170,101,736,151,2,87,428,9,9,428
221,-121.8955147,37.65601951,146,100,46,3876,266,47,218,90,197,197,90,381,85,1,93,244,3,3,244
221,-121.7000536,37.69759293,146,109,45,4275,279,39,239,86,200,203,85,375,67,1,79,190,5,7,190
221,-121.4068291,37.75942244,167,118,44,4847,315,50,264,99,229,232,99,312,61,1,82,170,4,5,170
221,-121.1685106,37.80970254,172,121,43,5189,328,50,278,100,243,243,100,325,62,1,82,175,3,3,175
221,-121.8310015,37.66199768,147,104,46,4017,271,45,226,89,196,200,89,386,79,1,86,224,4,5,224
221,-121.0276108,37.83296599,174,123,42,5415,335,50,285,101,249,249,101,348,65,1,82,187,3,3,187
221,-121.3142644,37.76275293,169,119,44,4970,320,50,269,100,234,236,100,313,61,1,82,170,3,4,170
221,-122.0519575,37.59845927,152,91,46,3512,259,62,197,101,194,198,101,476,99,1,88,282,5,5,282
221,-121.0918582,37.80449988,173,122,43,5305,332,50,282,100,246,246,100,333,63,1,82,178,3,3,178
221,-121.2254216,37.77465492,171,120,43,5089,324,50,274,100,240,240,100,318,60,1,82,169,3,3,169
221,-120.9646186,37.82703274,175,123,42,5472,337,50,287,101,251,251,101,359,68,1,82,193,3,3,193
221,-121.5375368,37.70259202,150,114,45,4535,290,38,252,86,207,211,86,317,64,1,85,182,4,5,182
221,-121.4651466,37.70644267,158,115,45,4613,300,44,255,93,216,220,93,293,60,1,86,170,4,5,170
221,-120.2072528,37.96535385,133,122,39,6374,309,-1,310,51,226,226,51,931,175,2,80,500,11,11,500
221,-122.3719013,37.50410309,137,72,46,2771,220,65,155,97,173,173,97,542,119,1,92,341,5,5,341
221,-121.3911586,37.71586242,166,117,44,4799,312,49,263,98,227,230,98,306,60,1,82,168,4,5,168
221,-121.1599103,37.76353847,172,122,43,5208,328,50,278,100,243,243,100,325,61,1,81,173,3,3,173
221,-122.4422567,37.48313086,140,65,46,2514,215,75,140,104,170,173,104,671,134,2,86,384,9,9,384
221,-120.8831534,37.8077408,176,123,42,5580,340,50,291,101,249,254,101,385,73,1,82,209,5,5,209
221,-121.0222344,37.77837152,174,123,43,5380,334,50,284,101,248,248,101,342,64,1,82,183,3,3,183
221,-120.4475453,37.89519583,167,123,40,6152,340,34,305,86,255,255,86,707,156,1,89,439,5,5,439
221,-121.2787591,37.71730066,169,120,44,4987,321,50,270,100,236,237,100,308,59,1,82,166,3,3,166
221,-121.2100061,37.73048505,170,120,44,5049,323,50,273,100,239,239,100,312,59,1,82,166,3,3,166
221,-121.9635525,37.56361319,152,94,46,3594,262,59,203,100,196,199,100,481,99,1,88,281,5,5,281
221,-121.0843559,37.73980932,172,122,43,5228,329,50,279,100,244,244,100,325,60,1,82,171,3,3,171
221,-120.7222072,37.81292742,178,124,41,5791,346,49,296,100,260,260,100,453,90,1,84,256,5,5,256
221,-121.8732015,37.56583096,144,100,46,3816,263,46,216,89,191,195,89,415,82,1,84,233,5,5,233
221,-121.3731511,37.66558694,164,117,44,4769,310,47,262,97,224,228,97,289,56,1,83,159,4,5,159
221,-122.3854572,37.44457961,134,65,46,2520,210,68,141,98,167,167,98,756,147,2,85,420,10,10,420
221,-120.7916678,37.77358598,178,124,41,5709,344,49,294,101,252,258,101,416,81,1,83,231,5,5,231
221,-121.1541962,37.69596613,171,121,43,5131,326,50,276,104,242,242,100,316,58,1,82,165,3,3,165
221,-120.8758042,37.75329681,176,123,42,5548,340,50,290,101,249,254,101,367,70,1,82,199,4,4,199
221,-121.2164251,37.67947495,170,120,44,5008,322,50,272,103,237,238,100,309,58,1,82,164,3,3,163
221,-121.2795595,37.66358602,168,119,44,4903,317,49,268,99,230,234,99,299,58,1,84,163,4,5,163
221,-120.9890462,37.71741604,175,123,43,5401,335,49,285,101,249,249,101,342,64,1,82,183,3,3,183
221,-121.9112376,37.5100035,134,97,46,3669,248,39,208,81,181,182,81,556,106,1,85,304,5,5,304
221,-120.7864496,37.72618791,177,124,42,5677,343,49,294,101,251,257,101,418,82,1,84,234,5,5,234
221,-122.3980562,37.37858135,135,63,46,2439,208,71,137,100,167,167,100,773,155,2,86,439,10,10,439
221,-121.160954,37.64378505,171,121,44,5094,325,50,275,113,239,241,101,314,57,1,82,163,3,3,162
221,-121.0918542,37.65781821,172,122,43,5156,327,50,277,105,242,242,101,317,58,1,82,165,3,3,164
221,-121.3156838,37.60207759,164,118,44,4793,311,47,263,97,225,229,97,285,56,1,84,159,4,5,159
221,-121.250217,37.59685497,167,119,44,4863,315,48,266,98,228,232,98,290,56,1,84,160,4,5,160
221,-120.8375771,37.67619984,176,124,42,5540,340,50,290,101,248,254,101,368,71,1,83,200,5,5,200
221,-120.6165145,37.71790805,180,124,41,5888,350,50,299,102,262,264,102,472,97,0,86,278,4,4,278
221,-120.9153064,37.65414496,176,124,42,5456,338,50,288,102,246,252,102,342,65,1,83,184,4,5,184
221,-121.9574806,37.42761127,152,92,46,3464,259,62,197,102,194,198,102,484,101,1,88,287,5,5,287
221,-122.3810928,37.33003449,138,60,46,2285,207,78,129,106,165,168,106,762,152,2,85,430,11,11,430
221,-121.1453691,37.59688196,171,121,44,5060,324,50,274,113,235,240,101,310,57,1,81,161,4,5,160
221,-120.9887469,37.60326985,174,123,43,5307,333,50,283,101,242,247,101,325,61,1,83,171,4,5,171
221,-121.2227376,37.55164589,167,120,44,4892,316,48,268,98,229,233,98,291,57,1,84,160,4,5,160
221,-120.8823354,37.61198781,176,124,43,5427,337,50,287,102,246,251,102,332,63,1,83,177,4,5,177
221,-121.1221858,37.55463726,171,122,44,5091,325,50,276,113,236,241,101,314,58,1,82,165,4,5,163
221,-122.3835822,37.27436235,138,57,46,2205,205,80,124,107,166,167,107,761,154,2,86,438,11,14,438
221,-120.7783738,37.61538795,178,124,42,5595,342,50,292,102,250,256,102,360,69,1,83,196,4,5,196
221,-120.5724934,37.65001384,181,124,41,5883,351,51,300,103,265,265,103,454,92,1,86,263,3,3,263
221,-120.6590268,37.62880838,180,124,41,5782,348,51,297,103,256,262,103,415,83,1,85,237,4,4,237
221,-121.0409571,37.5415534,173,123,43,5218,330,50,280,113,240,245,101,318,59,1,82,166,4,5,166
221,-121.1746678,37.51246736,167,120,44,4925,318,48,269,100,230,234,99,292,57,1,84,160,4,5,160
221,-120.194741,37.71121371,151,122,39,6249,326,18,307,71,242,242,71,762,139,1,82,399,6,6,399
221,-120.8455344,37.56785815,176,124,43,5457,338,50,288,102,247,252,102,336,64,1,83,180,4,5,180
221,-121.098823,37.51076733,171,122,44,5062,325,50,275,113,236,240,101,303,57,1,83,162,4,5,161
221,-121.167448,37.46712341,165,120,44,4888,314,45,268,96,227,231,96,291,59,1,86,166,4,5,166
221,-120.7431195,37.54958712,178,125,42,5623,343,50,293,102,251,257,102,359,68,1,83,192,4,5,192
221,-119.9820031,37.70216918,140,122,39,6418,317,5,311,59,235,235,59,897,178,2,83,504,8,8,504
221,-120.5978701,37.53650637,179,125,42,5755,347,50,297,102,260,261,102,397,80,0,87,229,2,2,229
221,-120.727754,37.49931906,178,125,42,5579,343,49,293,102,255,256,102,339,66,1,85,186,3,3,186
221,-120.969102,37.44218234,173,123,43,5204,331,50,281,114,240,245,102,307,58,1,83,164,4,5,162
221,-120.8582057,37.45575003,176,125,43,5388,337,50,287,113,246,251,102,310,60,1,83,166,3,4,166
221,-121.7812596,37.25684515,144,96,47,3561,256,51,204,93,190,191,93,559,109,1,85,307,5,5,307
221,-120.7829088,37.44073015,177,125,43,5504,341,50,291,106,254,254,102,318,62,1,84,173,3,3,173
221,-120.4353038,37.50744577,182,125,41,5955,353,51,302,103,267,267,103,434,84,1,85,243,3,3,243
221,-120.9030466,37.39840644,175,124,43,5306,334,49,285,114,247,248,102,305,59,1,83,165,3,3,162
221,-120.8432617,37.40068372,175,125,43,5368,336,49,287,114,250,250,102,306,59,1,84,165,3,3,164
221,-121.7077971,37.19643962,145,99,47,3647,260,49,210,93,190,193,93,506,102,1,87,288,5,5,288
221,-120.707082,37.40943681,178,126,42,5594,344,50,294,114,257,257,103,322,62,1,85,176,3,3,175
221,-120.6142772,37.42704866,180,126,42,5717,348,51,297,104,259,261,103,344,66,0,85,188,2,2,188
221,-120.0512339,37.51736613,147,123,40,6227,322,14,307,67,238,238,67,762,148,1,83,418,5,5,418
221,-120.7595202,37.36692709,177,126,43,5467,340,49,290,115,253,253,103,303,59,1,84,166,3,3,164
221,-120.6606517,37.37172725,179,126,42,5632,346,50,295,114,256,258,103,317,61,0,85,174,2,2,173
221,-120.9620008,37.30812074,172,124,44,5139,328,49,279,114,243,243,101,293,58,1,85,162,3,3,159
221,-121.6331778,37.15848649,149,100,47,3703,266,52,213,96,194,198,96,443,93,1,89,262,4,5,262
221,-120.8586361,37.32347069,175,125,43,5331,336,49,286,115,249,249,102,292,57,1,84,160,3,3,157
221,-122.1874597,37.02502467,136,60,47,2238,204,75,128,104,165,165,104,818,163,3,87,462,11,13,462
221,-121.6119948,37.1133648,151,102,47,3764,270,52,217,98,197,201,97,431,90,1,90,255,4,5,255
221,-119.0183445,37.641965,41,121,36,7102,224,-104,329,-48,146,146,-48,625,110,11,71,328,37,37,328
221,-120.7834457,37.28656708,177,126,43,5435,340,50,290,115,253,253,103,283,55,1,84,155,3,3,152
221,-120.4245363,37.35327269,183,126,41,5881,353,51,301,105,263,267,105,365,70,0,86,201,2,2,201
221,-120.5990373,37.31195833,180,126,42,5668,347,51,296,116,254,260,104,308,59,0,85,169,2,2,168
221,-122.0016701,36.99693557,144,71,47,2569,224,75,149,107,178,178,107,630,137,2,93,389,6,6,389
221,-120.5118839,37.31449729,182,126,42,5769,351,51,299,111,257,264,105,325,62,0,86,178,2,2,178
221,-122.0859221,36.96272002,137,65,47,2369,210,73,137,104,168,168,104,759,157,2,90,447,9,9,447
221,-121.6212782,37.06135247,152,101,47,3728,269,53,215,98,200,201,98,405,89,1,92,251,3,3,251
221,-121.5579393,37.05704121,153,104,47,3830,273,52,221,100,199,203,98,436,89,1,90,254,4,4,253
221,-121.7528602,36.99767285,148,89,47,3223,249,61,187,101,186,190,101,507,110,1,94,315,5,5,315
221,-121.8077454,36.98010207,145,86,47,3112,242,61,181,100,182,186,100,552,121,1,94,344,5,5,344
221,-120.4289846,37.27070075,183,127,41,5851,353,52,302,108,260,266,105,330,62,0,85,180,2,2,180
221,-121.8794413,36.96019605,145,80,47,2895,235,67,168,103,183,183,103,631,132,1,91,375,5,5,375
221,-120.3124207,37.27583917,185,126,41,5990,357,52,305,106,271,271,106,365,68,1,84,198,3,3,198
221,-121.5158949,37.0186591,155,105,46,3901,278,52,225,102,202,206,99,422,86,1,89,244,4,5,243
221,-121.720564,36.95415778,152,91,47,3297,255,63,192,104,190,195,104,465,96,1,90,273,5,5,273
221,-121.5677769,36.98436603,153,103,47,3768,272,53,218,99,203,203,99,380,84,1,93,238,3,3,238
221,-121.8112175,36.92903508,147,85,47,3070,243,65,178,103,184,188,103,552,118,1,92,336,5,5,336
221,-121.0083419,37.10121479,169,123,44,4982,322,47,275,110,232,237,100,257,52,0,87,145,1,2,145
221,-120.8960962,37.11659855,173,126,44,5193,332,48,283,114,240,245,102,258,50,1,84,144,3,3,139
221,-120.6136963,37.1723797,180,127,42,5628,347,50,297,117,254,259,105,275,52,0,85,151,1,2,148
221,-121.4935181,36.97685083,156,107,46,3976,282,52,229,100,205,209,99,399,83,1,89,231,3,4,231
221,-121.3600823,37.00396921,146,113,46,4269,281,36,244,95,200,203,85,377,77,1,92,223,3,3,218
221,-120.3503631,37.20661535,184,127,41,5915,356,52,304,109,262,269,106,322,59,0,84,172,2,2,172
221,-121.4321366,36.97178948,155,109,46,4073,283,48,234,103,204,209,96,413,85,1,90,238,4,5,237
221,-121.6902311,36.91410259,151,93,47,3377,258,61,196,103,191,196,103,446,90,1,87,253,5,5,253
221,-121.7645686,36.89284655,151,87,47,3146,250,67,183,106,188,193,106,471,97,1,89,276,5,5,276
221,-120.9453043,37.06547018,171,125,44,5111,328,47,281,112,237,242,100,249,50,0,84,139,2,2,137
221,-121.5425725,36.9315118,151,102,47,3738,269,52,217,97,200,200,97,385,86,1,95,245,3,3,245
221,-121.6068977,36.89670534,149,99,47,3601,263,53,209,97,193,197,97,420,86,1,89,243,4,4,243
221,-121.3620649,36.9446981,156,113,46,4244,290,46,243,107,208,213,95,390,74,1,87,218,4,5,207
221,-121.4722953,36.92007726,157,107,46,3953,282,53,228,101,209,210,101,364,76,1,90,213,3,3,213
221,-121.700709,36.86068985,150,93,47,3346,255,60,195,102,189,194,102,452,91,1,88,257,5,5,257
221,-120.5378297,37.10838262,182,128,42,5707,350,50,300,117,256,262,105,266,49,0,84,144,1,2,141
221,-121.7668672,36.84537643,150,86,47,3112,248,66,181,105,187,191,105,509,105,1,89,298,5,5,298
221,-120.4039058,37.13470087,184,128,42,5858,354,51,303,115,260,267,106,300,54,0,83,160,2,2,159
221,-121.5374976,36.8726252,155,104,47,3800,276,55,220,101,205,206,101,337,70,1,89,198,3,3,198
221,-121.3479613,36.89999222,158,113,46,4229,291,48,243,108,210,215,98,370,71,1,86,202,4,5,197
221,-121.4169373,36.88456495,157,109,46,4032,284,51,232,99,209,211,99,364,76,1,89,211,3,3,211
221,-120.5999224,37.05310662,180,128,43,5596,347,49,297,116,252,258,104,250,47,0,84,137,1,2,134
221,-120.2782653,37.11930758,185,128,41,5978,358,51,306,111,263,271,106,311,56,0,84,166,2,2,166
221,-121.6959965,36.81420631,148,92,47,3318,253,59,193,101,187,192,101,473,98,1,90,277,5,5,277
221,-121.762823,36.79790607,151,86,47,3081,248,68,180,107,187,192,107,462,96,1,90,271,5,5,271
221,-121.4682389,36.85181598,155,106,47,3907,279,52,226,99,206,207,99,348,73,1,90,205,3,3,205
221,-120.3700064,37.08383978,184,128,42,5893,355,51,304,116,261,268,106,295,53,0,84,157,2,2,157
221,-120.5043471,37.04748776,182,129,42,5696,350,50,300,117,256,262,105,257,47,0,84,139,1,2,137
221,-120.6835823,36.9952099,178,128,43,5466,342,48,294,116,248,254,103,234,44,0,83,128,1,2,125
221,-121.3948039,36.84214853,157,111,46,4113,287,50,237,98,211,212,98,349,72,1,88,200,3,3,200
221,-121.6752151,36.77207007,152,92,47,3294,256,63,192,105,191,196,105,410,85,1,90,239,4,5,239
221,-121.7641396,36.75064887,151,85,47,3051,247,69,178,108,187,192,108,435,91,1,89,256,5,5,256
221,-121.3162087,36.84493055,152,115,46,4298,288,41,247,102,205,210,91,388,74,1,85,212,4,5,204
221,-121.6127875,36.77875233,150,98,47,3528,262,55,206,107,192,197,99,401,82,1,90,231,4,5,229
221,-120.3558121,37.03915894,184,129,42,5871,356,51,305,113,261,268,106,270,49,0,84,144,1,2,144
221,-121.6775666,36.7245988,153,91,47,3271,256,65,191,106,191,196,106,390,82,1,89,227,5,5,227
221,-120.1090859,37.05597193,187,127,41,6140,362,52,310,110,275,276,107,332,61,0,83,178,2,2,178
221,-121.7435734,36.70819335,152,87,47,3128,251,68,183,107,189,194,107,372,79,1,89,221,4,5,221
221,-121.6128909,36.73178157,153,97,47,3511,264,59,205,107,195,200,103,383,80,1,90,223,4,5,222
221,-121.3338468,36.78811855,150,112,46,4171,282,41,241,91,203,206,91,334,72,1,90,199,3,3,199
221,-121.5544709,36.73673246,144,100,47,3622,260,48,211,102,188,193,93,438,89,1,89,251,4,5,248
221,-120.3566576,36.98888767,184,129,42,5862,356,51,305,107,261,267,106,260,47,0,84,139,1,1,139
221,-120.6863312,36.90431979,176,129,43,5444,341,47,294,114,247,252,102,225,44,0,84,124,1,2,123
221,-121.7026445,36.67075853,153,91,47,3252,256,66,190,107,191,196,107,368,78,1,89,216,4,5,216
221,-121.6041066,36.68452693,154,97,47,3495,265,61,204,105,196,201,104,369,78,1,90,215,4,5,215
221,-121.8240584,36.63212743,147,80,48,2861,236,69,167,106,184,185,106,487,97,1,87,273,5,5,273
221,-120.925732,36.81815638,134,126,45,4955,289,11,277,70,198,202,66,281,58,1,86,162,3,3,161
221,-121.8845695,36.59542082,145,73,48,2589,226,74,151,108,178,180,108,521,110,1,89,310,5,5,310
221,-120.0789376,36.97084565,187,128,41,6158,363,52,311,114,276,276,107,312,57,0,83,168,2,2,167
221,-121.6627356,36.63309471,154,93,47,3357,261,64,196,106,194,199,106,354,75,1,89,207,4,5,207
221,-121.9412812,36.56896726,143,69,48,2468,220,75,144,108,176,176,108,633,132,1,89,367,6,6,367
221,-121.5434319,36.65164194,156,100,47,3598,270,60,210,105,199,204,104,364,76,1,89,211,4,5,211
221,-121.6051045,36.63708186,155,97,47,3479,266,62,203,105,196,202,105,354,75,1,89,208,4,5,208
221,-120.7297603,36.82262078,172,129,44,5357,334,43,291,98,241,246,98,209,43,0,87,123,1,2,123
221,-121.3525593,36.68775941,131,112,47,4123,262,23,239,73,183,186,73,343,73,1,91,206,3,3,206
221,-121.7142274,36.60458056,144,87,48,3093,242,61,181,100,181,186,100,420,90,1,89,252,4,5,252
221,-121.8035373,36.57882796,139,79,48,2829,228,62,165,99,177,177,99,555,115,1,88,321,5,5,321
221,-121.8694545,36.53564574,141,75,48,2689,225,67,157,102,175,176,102,567,117,1,87,326,5,5,326
221,-121.5003487,36.61463495,156,102,47,3701,273,57,216,103,200,205,103,390,82,1,89,225,4,5,225
221,-121.560694,36.60038134,156,99,47,3585,270,60,209,105,199,204,105,362,77,1,89,212,4,5,212
221,-121.6227374,36.58599879,155,96,47,3464,265,62,202,105,196,201,105,355,75,1,89,208,3,4,208
221,-120.5668737,36.80297135,178,130,43,5585,345,46,299,102,250,256,102,224,43,0,83,123,1,2,123
221,-119.885641,36.93073183,189,128,40,6311,366,52,315,117,281,281,107,337,63,0,83,181,1,1,180
221,-121.8041822,36.5197527,141,79,48,2813,229,64,164,101,176,178,101,527,111,1,89,308,5,5,308
221,-121.4686387,36.57487211,156,105,47,3802,277,55,221,103,203,207,102,397,84,1,89,231,3,4,231
221,-121.6839082,36.52703012,133,89,47,3187,234,47,187,88,175,175,88,539,111,1,88,307,5,5,307
221,-121.5426565,36.55764808,152,99,47,3571,266,57,208,102,199,200,102,370,80,1,90,223,3,3,223
221,-119.7588262,36.91844249,190,127,40,6439,369,51,317,112,284,284,107,375,73,0,86,208,1,1,208
221,-121.4279193,36.53734113,158,107,47,3900,282,55,227,105,207,210,103,394,82,1,89,226,3,4,226
221,-121.4862601,36.52354909,158,104,47,3790,278,57,221,104,209,209,104,371,79,1,89,219,3,3,219
221,-121.7149575,36.47241028,139,86,48,3050,236,57,178,96,177,180,96,498,108,1,90,300,4,4,300
221,-120.5136039,36.72240647,178,131,43,5614,346,45,300,102,250,256,102,219,43,0,85,124,1,2,124
221,-120.2488795,36.77197906,185,131,42,5947,359,50,309,106,270,270,106,229,42,0,83,123,0,0,123
221,-119.9131089,36.83421795,189,129,40,6287,367,52,315,116,280,280,108,299,56,0,84,161,0,0,160
221,-119.7731486,36.85227519,190,128,40,6409,369,52,317,118,283,283,107,341,63,0,83,184,1,1,182
221,-121.412817,36.49369128,158,109,47,3991,285,53,232,104,208,212,101,407,85,1,89,234,3,4,234
221,-121.4679574,36.48087368,155,104,47,3774,275,54,220,101,205,205,101,375,81,1,92,229,3,3,229
221,-120.4695899,36.66926451,178,131,43,5654,347,45,302,102,252,258,102,215,43,0,86,124,1,2,124
221,-119.8897515,36.78725404,189,129,41,6265,367,52,315,118,280,280,108,269,50,0,84,146,0,0,144
221,-120.0857353,36.74375916,187,131,42,6057,362,50,311,107,274,274,107,229,42,0,83,123,0,0,123
221,-121.6626125,36.4088754,129,91,47,3267,233,42,191,83,171,173,83,571,120,1,89,334,4,4,334
221,-119.7430782,36.81135059,191,128,40,6438,370,52,318,118,285,285,108,329,62,0,83,178,0,0,177
221,-121.3523797,36.46070628,156,111,47,4092,286,49,237,106,208,212,99,414,86,1,90,240,3,4,236
221,-121.4272892,36.4433404,152,106,47,3866,275,49,225,97,204,204,97,398,86,1,92,243,3,3,243
221,-120.2733455,36.68695708,184,132,42,5888,357,49,308,106,268,268,106,210,40,0,84,115,0,0,115
221,-120.3354381,36.6544728,182,132,43,5789,354,47,306,105,264,264,105,204,40,0,86,115,0,0,115
221,-120.5507168,36.59750517,171,131,44,5516,338,39,298,96,242,248,96,224,46,0,86,133,1,2,133
221,-120.1487024,36.67635991,186,131,42,6010,361,50,311,107,272,272,107,218,40,0,83,117,0,0,117
221,-119.7132474,36.76346786,191,129,40,6423,370,52,318,118,285,285,108,309,58,0,84,169,0,0,167
221,-121.3302593,36.41885547,159,113,46,4176,291,49,241,108,213,215,100,402,83,1,89,231,3,4,227
221,-121.2636355,36.39912084,161,115,46,4256,296,50,245,107,218,219,101,376,76,1,89,214,3,3,212
221,-120.4823098,36.56027475,175,132,43,5614,344,42,301,99,248,254,99,210,43,0,86,125,1,2,125
221,-121.3219851,36.37345106,159,112,47,4139,290,50,239,101,212,215,101,377,81,1,91,228,3,3,228
221,-119.9664831,36.65525914,188,131,41,6157,365,51,314,119,277,277,108,223,42,0,84,121,0,0,119
221,-120.323191,36.55929317,182,132,43,5811,354,46,307,104,264,264,104,205,40,0,84,116,0,0,116
221,-119.6052871,36.70197906,192,128,40,6520,373,53,320,119,288,288,109,319,61,0,84,174,0,0,172
221,-119.7273655,36.67495976,191,129,40,6400,370,52,318,119,284,284,109,281,52,0,84,152,0,0,149
221,-121.2567943,36.35368833,161,114,46,4236,295,51,244,101,218,219,101,373,77,1,89,215,3,3,215
221,-120.1111749,36.58972055,187,132,42,6031,362,50,312,109,273,273,107,206,39,0,83,111,0,0,111
221,-121.325197,36.32583503,156,112,47,4113,286,48,238,98,207,212,98,367,80,1,93,228,3,3,228
221,-120.2857687,36.51583216,182,133,43,5843,354,46,308,104,265,265,104,204,41,0,86,117,0,0,117
221,-121.2063606,36.31767038,162,117,46,4390,300,48,252,103,218,222,100,368,76,1,89,211,3,3,210
221,-120.0076525,36.56278668,188,132,42,6103,364,50,314,119,275,275,108,207,39,0,83,112,0,0,110
221,-119.6192334,36.64089006,193,129,40,6507,373,53,320,119,288,288,109,305,58,0,84,166,0,0,164
221,-121.2690721,36.29162916,159,114,46,4210,293,50,243,100,213,217,100,375,78,1,90,221,3,3,221
221,-119.8060615,36.58858392,190,130,41,6301,368,52,317,119,282,282,109,240,45,0,83,131,0,0,127
221,-121.1581032,36.28172691,162,118,46,4449,302,47,254,105,219,223,100,373,77,1,89,214,3,3,212
221,-121.672582,36.16544706,152,85,48,3040,248,70,177,112,194,194,110,740,163,1,94,449,5,5,448
221,-120.0708617,36.50282437,187,132,42,6053,362,49,313,119,274,274,107,200,39,0,83,109,0,0,108
221,-119.5206483,36.60897728,193,128,39,6579,374,53,321,118,290,290,109,317,62,0,85,174,0,0,173
221,-120.1940042,36.44816575,183,133,42,5907,357,46,310,106,268,268,105,195,39,0,85,110,0,0,110
221,-119.4525474,36.59246665,195,128,39,6667,376,54,322,110,292,292,110,345,68,0,85,189,0,0,189
221,-121.1338668,36.24032574,162,118,46,4419,301,48,253,101,217,223,101,350,75,1,91,209,3,3,209
221,-119.305788,36.6172023,195,126,39,6803,378,53,324,110,295,295,109,397,76,0,83,211,1,1,211
221,-119.9404119,36.47418753,189,132,41,6159,365,50,315,119,277,277,108,205,39,0,83,113,0,0,109
221,-120.2399864,36.38525031,182,133,43,5850,354,45,309,104,262,265,104,195,40,0,87,112,0,0,112
221,-121.1223925,36.195344,163,118,46,4468,303,48,255,100,218,224,100,348,74,0,91,208,2,2,208
221,-120.0544653,36.41517418,186,133,42,6019,360,47,313,117,271,272,106,193,39,0,84,109,0,0,106
221,-121.059155,36.20117548,162,120,46,4546,304,45,259,103,219,224,99,364,76,1,90,212,3,3,211
221,-119.9359259,36.40126505,188,132,42,6140,365,49,315,119,277,277,108,196,39,0,85,111,0,0,106
221,-120.1214338,36.3618455,184,133,42,5965,358,46,311,116,262,269,105,194,39,0,84,109,2,2,107
221,-121.0538,36.15044224,162,119,46,4509,303,46,257,99,218,224,99,357,76,1,91,214,3,3,214
221,-119.995347,36.35564836,187,133,42,6089,363,48,314,118,271,275,107,194,39,0,84,110,1,1,106
221,-119.8694103,36.36588265,190,132,41,6205,367,50,316,120,279,279,109,200,39,0,84,112,0,0,106
221,-119.7092481,36.39423492,192,131,41,6329,370,52,318,120,283,283,110,217,42,0,84,120,0,0,115
221,-120.1215689,36.30786074,183,133,42,5951,357,45,311,116,261,268,104,195,39,0,84,111,2,2,107
221,-119.436481,36.4443313,196,128,39,6617,377,55,322,119,293,293,111,287,57,0,85,157,0,0,157
221,-121.0080558,36.10588706,162,119,46,4547,305,46,258,100,219,225,100,343,73,1,91,205,3,3,205
221,-119.6385588,36.38667177,193,131,40,6404,372,52,319,120,286,286,110,232,45,0,85,128,0,0,124
221,-121.4599156,35.99320525,140,93,47,3375,246,50,196,98,181,185,92,697,146,1,93,416,4,4,411
221,-118.0863441,36.67225494,155,116,33,8105,347,-1,348,60,264,273,50,176,36,3,80,102,9,11,100
221,-120.9455331,36.09293509,158,122,46,4689,304,39,265,101,217,223,94,383,81,1,92,228,3,3,226
221,-119.5653409,36.37764384,194,130,40,6482,374,54,320,121,289,289,111,246,48,0,85,136,0,0,133
221,-120.078562,36.26995624,184,133,42,5979,358,45,312,116,262,269,105,193,39,0,84,111,2,2,107
221,-119.4040404,36.39474216,196,128,39,6647,377,55,322,118,294,294,111,292,57,0,84,158,0,0,157
221,-120.0130992,36.26238427,185,133,42,6023,360,46,313,117,264,271,106,191,39,0,84,111,2,2,105
221,-120.3416636,36.19332822,169,133,44,5596,336,34,302,105,241,248,94,236,51,1,93,146,3,3,143
221,-120.1346131,36.21025478,181,134,43,5874,353,43,309,114,257,264,102,200,41,0,86,117,2,2,113
221,-120.9275017,36.03632652,160,120,46,4606,304,43,260,97,218,224,97,347,75,1,92,213,3,3,213
221,-119.3089809,36.37031284,197,128,39,6723,379,55,323,119,296,296,111,313,61,0,84,169,0,0,168
221,-120.3488008,36.1378441,171,133,44,5581,338,36,301,100,243,250,96,227,48,1,89,134,3,3,134
221,-121.2139688,35.93434566,140,105,47,3885,262,38,224,86,187,193,86,508,115,0,97,330,2,2,330
221,-121.136328,35.9411706,149,109,46,4071,277,43,233,93,199,205,93,411,89,0,94,257,1,2,257
221,-120.8807538,35.99140986,162,120,46,4634,305,44,261,98,220,226,98,331,72,0,93,204,2,2,204
221,-119.4556877,36.28333678,196,129,40,6573,376,55,322,122,292,292,112,246,47,0,84,134,0,0,130
221,-119.8383992,36.16730629,189,133,42,6162,366,49,316,120,274,278,109,187,37,0,84,107,0,1,101
221,-119.2350568,36.26903368,198,127,39,6792,380,56,325,121,298,298,112,319,63,0,85,175,2,2,174
221,-119.3632411,36.21840754,197,129,39,6647,378,55,323,122,294,294,112,258,50,0,85,141,0,0,137
221,-120.9147114,35.89288317,155,118,46,4514,295,40,255,93,212,218,93,354,81,0,96,227,2,2,227
221,-120.0045655,36.0796138,183,134,42,5942,356,44,311,116,261,268,104,187,40,0,88,112,1,2,109
221,-119.5818202,36.138083,195,131,40,6425,374,54,320,122,288,288,112,203,39,0,84,113,0,0,107
221,-121.2764067,35.77693408,140,95,47,3485,249,48,200,92,182,188,92,559,120,0,97,352,1,2,352
221,-119.1504821,36.21069847,200,127,38,6878,383,56,326,119,301,301,112,334,65,0,84,180,2,2,180
221,-121.2801516,35.72473978,140,92,47,3397,246,51,195,97,183,187,93,624,132,1,94,383,3,3,381
221,-120.6468413,35.84186587,152,124,45,4896,302,29,273,96,215,221,86,358,74,1,92,217,3,3,206
221,-121.1740559,35.69813895,148,95,47,3507,257,56,201,102,190,197,100,529,115,0,97,334,2,2,334
221,-120.8836561,35.74336676,151,112,46,4248,282,42,240,93,204,210,93,431,85,0,89,247,2,2,247
221,-119.3579339,36.05956323,198,130,40,6609,378,56,322,123,294,295,114,226,44,0,83,124,0,0,118
221,-120.7137006,35.76666304,161,120,45,4661,304,42,260,99,219,226,97,365,76,1,90,212,3,3,212
221,-119.8678386,35.94281168,189,133,42,6071,363,49,314,120,268,276,109,174,34,0,84,101,1,2,93
221,-119.5695983,35.99270566,195,132,41,6380,373,54,319,123,288,288,113,182,35,0,83,103,0,0,95
221,-120.942113,35.68419381,148,108,46,4082,274,43,231,92,199,205,92,453,92,1,90,267,3,3,267
221,-120.6509439,35.72678233,161,121,45,4756,306,41,265,106,221,227,96,359,75,0,92,215,2,2,208
221,-120.8743537,35.67517852,142,112,46,4253,273,32,240,84,195,201,84,513,102,1,89,293,3,3,293
221,-121.1148843,35.61631812,158,95,47,3530,266,65,201,116,200,207,109,505,105,1,94,308,3,3,305
221,-120.5678741,35.69534458,160,122,45,4850,308,39,269,105,222,229,95,358,73,0,91,210,2,2,204
221,-120.6824698,35.65381198,159,117,46,4551,298,43,254,97,216,222,96,383,84,0,94,236,1,2,236
221,-121.0021991,35.5827105,156,97,47,3642,268,61,206,114,200,207,106,500,103,1,93,300,3,3,297
221,-120.6209574,35.65081828,159,120,45,4712,302,40,262,104,218,225,95,422,85,1,90,242,3,3,239
221,-120.4945414,35.67011904,156,125,45,4983,307,32,275,99,220,226,89,372,78,1,93,227,3,3,216
221,-121.0502189,35.54345272,158,95,47,3541,267,66,201,112,201,207,110,510,104,1,93,305,3,3,304
221,-120.7434841,35.60945909,151,114,46,4387,286,39,246,92,206,213,92,408,96,0,98,267,1,2,267
221,-120.8126818,35.59298377,143,110,46,4198,272,35,236,92,195,201,86,454,98,1,94,278,3,3,275
221,-120.6088291,35.60155459,157,118,45,4647,299,40,258,103,216,223,94,441,90,0,90,254,2,2,251
221,-120.6959181,35.57025485,157,114,46,4412,292,45,246,98,212,219,97,413,88,0,93,248,1,2,248
221,-120.7590695,35.55232197,151,110,46,4224,280,43,237,93,203,210,93,406,90,0,94,254,2,2,254
221,-120.5413417,35.58233637,155,120,45,4739,299,36,262,100,215,222,91,435,90,0,91,255,2,2,249
221,-119.8968457,35.71638876,183,133,43,5894,354,45,309,116,260,268,106,169,34,0,86,100,1,2,93
221,-120.8367933,35.51596181,143,104,46,3947,264,41,223,93,191,198,89,493,110,1,96,311,3,3,308
221,-120.8874829,35.49396116,158,99,46,3774,273,61,213,114,204,211,107,467,100,1,95,291,3,3,282
221,-120.0286895,35.66565211,174,132,43,5654,340,38,301,110,247,255,99,199,41,0,88,116,1,2,114
221,-119.4370795,35.78345615,197,131,41,6432,375,55,320,125,282,291,115,174,32,0,83,97,2,2,87
221,-120.9546233,35.45616815,163,96,46,3609,273,69,203,118,207,213,114,455,98,1,95,280,3,3,279
221,-120.6567717,35.51039114,154,114,46,4422,288,41,247,101,209,216,93,507,104,1,90,296,3,3,290
221,-120.582938,35.52305775,151,117,45,4587,291,35,255,89,209,216,89,515,107,0,91,304,2,2,304
221,-119.2807479,35.79025206,199,130,40,6606,379,56,322,124,290,296,115,201,37,0,81,108,2,2,100
221,-119.8682932,35.66499512,181,133,43,5878,351,43,308,114,258,266,104,169,34,0,87,101,1,2,93
221,-120.5177349,35.52525228,155,119,45,4674,296,37,259,95,214,221,92,447,94,0,91,263,1,2,262
221,-119.508747,35.71510351,196,132,41,6326,372,54,318,124,279,288,114,160,30,0,82,91,2,2,80
221,-120.8357726,35.43406137,159,99,46,3790,275,61,213,115,205,212,108,512,104,1,92,306,3,3,295
221,-120.6206953,35.46068387,148,114,46,4429,283,36,247,96,206,211,88,567,118,1,91,336,3,3,327
221,-120.5019261,35.47815698,152,117,45,4603,292,36,255,90,210,217,90,478,101,0,92,286,1,2,286
221,-119.7247307,35.63026278,188,133,42,6041,361,49,312,120,268,276,110,151,30,0,86,91,1,2,82
221,-120.8190987,35.3849335,160,99,46,3804,275,62,213,115,207,213,108,514,107,1,92,309,3,3,300
221,-120.5743846,35.41952796,148,114,46,4442,283,36,247,96,208,211,88,544,113,1,92,324,3,3,316
221,-120.8074332,35.31863662,163,95,46,3622,273,70,203,114,212,214,114,528,104,1,89,303,3,3,303
221,-120.5536872,35.3512937,150,110,46,4292,280,41,239,93,204,211,92,535,111,0,91,316,1,2,315
221,-120.6879587,35.31875634,160,102,46,3932,279,59,219,109,213,215,107,512,111,0,93,311,2,2,308
221,-119.3514711,35.59513019,197,131,40,6440,375,55,319,125,282,291,115,171,31,0,82,94,2,2,82
221,-119.2951705,35.60450958,198,131,40,6485,375,55,320,124,283,292,115,175,32,0,82,96,2,2,85
221,-120.7485075,35.28524864,159,97,46,3737,272,63,209,109,209,212,109,555,115,0,91,334,2,2,334
221,-120.5102087,35.3142402,145,110,46,4296,275,36,239,88,198,206,87,568,118,0,91,336,1,2,336
221,-120.6789783,35.26021486,164,99,46,3844,280,65,214,112,212,218,112,480,103,0,93,292,1,2,292
221,-120.7496758,35.23256563,153,95,46,3638,263,60,203,104,199,205,104,548,123,0,96,352,1,2,352
221,-120.3754067,35.30288935,149,115,45,4562,286,34,252,93,206,213,88,433,92,0,92,258,1,2,255
221,-120.5902305,35.24979001,164,102,46,3954,283,63,220,117,217,220,111,491,101,0,91,292,2,2,282
221,-120.7386635,35.18776963,161,92,46,3550,269,70,198,117,204,211,113,457,103,0,97,292,1,2,291
221,-120.6380107,35.20158729,162,97,46,3754,275,65,209,112,208,215,111,527,113,0,94,322,1,2,322
221,-120.5618085,35.20926798,155,104,46,4044,277,52,224,108,212,212,101,533,109,1,91,323,3,3,301
221,-120.4598931,35.202399,157,106,46,4150,281,52,229,107,209,216,102,462,97,0,93,277,1,2,273
221,-120.5310657,35.16785216,159,103,46,4054,280,56,224,111,209,216,104,472,100,0,93,290,1,2,276
221,-119.6886785,35.32981994,165,130,43,5734,330,30,299,99,239,248,90,165,33,0,86,99,1,2,88
221,-120.6340491,35.12782673,164,95,46,3674,275,70,204,119,209,216,115,478,103,0,95,295,1,2,290
221,-120.5728382,35.1223368,165,96,46,3768,278,69,209,122,211,219,115,459,89,0,90,268,1,2,252
221,-120.465109,35.12782705,157,103,46,4059,279,54,224,109,209,215,103,484,96,0,90,281,2,2,268
221,-119.6275446,35.28951253,164,129,43,5739,329,30,299,98,238,247,90,168,35,0,87,104,1,2,90
221,-119.5615894,35.30243037,179,130,42,5932,348,42,305,115,258,265,103,164,31,0,79,90,1,2,71
221,-120.6155425,35.07770395,166,91,46,3561,273,75,198,125,209,216,119,453,87,0,89,260,2,2,248
221,-120.5180957,35.08299648,163,96,46,3771,276,67,208,119,209,217,113,443,87,0,89,261,2,2,241
221,-119.4866507,35.28451111,177,129,42,5979,346,41,305,109,255,264,100,173,37,0,86,106,1,2,83
221,-120.3788644,35.09374289,157,105,46,4163,281,52,229,103,209,216,102,414,87,0,92,247,1,2,246
221,-120.6025567,35.0338876,166,89,46,3458,270,77,192,125,207,215,120,426,82,0,89,244,2,2,234
221,-120.4562697,35.05013908,154,101,46,3967,272,53,219,107,202,210,101,465,92,0,90,274,2,2,254
221,-120.517914,35.02674457,164,94,46,3671,275,71,203,122,209,217,116,403,82,0,91,244,1,2,224
221,-119.588959,35.20503364,158,128,43,5678,321,25,295,93,232,240,85,180,38,0,87,111,1,2,95
221,-120.2997417,35.05699735,159,107,45,4267,286,52,234,110,212,220,103,373,73,0,90,219,1,2,202
221,-119.4869726,35.22417621,183,129,42,5957,352,47,304,116,261,270,107,154,32,0,85,95,1,2,79
221,-120.5675647,34.99505894,166,88,46,3462,270,78,192,126,207,215,120,385,74,0,88,220,2,2,209
221,-120.6425152,34.96956421,164,84,46,3258,263,81,181,126,203,210,121,418,79,0,89,238,2,2,226
221,-120.4276716,35.0096451,164,98,46,3880,280,66,214,119,211,219,112,374,78,0,92,232,1,2,206
221,-120.5032039,34.9816331,166,91,46,3571,273,76,197,125,209,217,119,368,72,0,89,213,1,2,201
221,-120.5533393,34.95150771,165,86,46,3357,265,79,186,124,204,212,120,380,73,0,88,212,1,2,208
221,-118.9410902,35.28192457,204,129,40,6670,382,60,322,128,291,301,119,200,34,0,78,102,2,4,96
221,-119.5377816,35.15769164,169,128,42,5764,333,36,297,103,244,253,95,184,38,0,86,111,1,2,94
221,-119.1909467,35.21990035,200,129,41,6346,374,60,313,128,283,293,119,173,33,0,80,97,2,2,81
221,-120.4389853,34.96010587,167,96,46,3783,280,72,208,123,213,221,117,351,71,0,90,211,1,2,190
221,-120.4914948,34.93726749,166,91,46,3574,273,76,197,124,209,217,119,366,70,0,88,209,2,2,196
221,-119.4700162,35.1480016,178,128,42,5843,343,43,299,111,254,263,103,179,37,0,85,107,1,2,90
221,-120.3704531,34.95471322,166,98,46,3892,282,68,213,121,214,221,115,352,69,0,89,206,1,2,181
221,-120.5365278,34.90102107,162,85,46,3361,263,77,185,122,203,210,118,371,71,0,89,208,1,2,205
221,-120.4171543,34.91817322,166,93,46,3681,276,73,202,123,211,219,118,363,70,0,88,209,1,2,191
221,-120.476363,34.89390942,165,88,46,3469,269,77,191,124,206,214,119,360,67,0,87,201,1,2,192
221,-120.3464192,34.91324327,164,95,46,3791,277,69,208,120,210,218,114,386,71,0,87,213,1,2,199
221,-120.2925801,34.92243522,160,100,45,3989,279,60,218,114,209,217,108,375,76,0,91,226,1,2,200
221,-118.9944196,35.1741377,204,129,40,6540,380,62,318,129,289,299,121,197,34,0,78,102,2,4,96
221,-120.4011598,34.87305721,157,90,46,3580,264,67,196,115,200,208,110,431,81,0,88,242,2,2,224
221,-120.5372327,34.83596772,157,83,46,3255,255,75,179,119,196,204,115,367,75,0,92,221,1,2,204
221,-120.2973143,34.87348283,161,95,45,3795,274,66,207,117,207,215,111,400,75,0,88,222,1,2,213
221,-120.4190886,34.81544857,157,85,46,3369,258,72,185,118,197,205,113,366,75,0,91,221,1,2,198
221,-120.2179053,34.85729789,162,100,45,4003,281,63,218,117,212,220,110,356,70,0,91,209,1,2,186
221,-120.5131775,34.79146916,157,77,46,3047,248,80,167,121,192,200,117,376,77,0,90,226,1,2,194
221,-120.3349101,34.79398939,153,90,46,3584,260,64,196,112,197,205,107,414,83,0,92,249,1,2,226
221,-120.4279068,34.76670506,159,82,46,3265,257,77,179,121,198,206,117,336,68,0,91,203,1,2,181
221,-120.4782358,34.74070042,157,77,46,3051,248,80,167,121,192,200,117,350,75,0,92,219,1,2,183
221,-120.5396019,34.72561438,156,74,46,2943,244,82,161,122,190,198,118,361,76,0,91,222,1,2,189
221,-120.2654428,34.75966202,155,92,45,3697,265,64,202,112,201,209,107,400,84,0,93,248,1,2,217
221,-120.2047305,34.7556032,155,97,45,3903,271,59,212,110,203,212,105,429,88,0,91,258,1,2,221
221,-120.4707107,34.69432742,161,74,46,2947,249,87,161,126,195,203,123,316,69,0,93,200,1,2,166
221,-120.5433607,34.67626034,159,69,46,2731,240,90,150,127,190,198,124,336,71,0,91,206,1,2,174
221,-120.3970644,34.6956388,159,79,45,3167,253,80,173,122,196,204,118,343,77,0,94,221,1,2,178
221,-120.6137222,34.64808897,155,63,45,2530,229,91,138,125,183,190,122,414,84,0,91,248,1,2,216
221,-120.1370644,34.73081254,155,97,45,3905,271,59,212,110,203,211,104,419,90,0,94,265,1,2,223
221,-120.4872725,34.64224049,161,71,45,2845,246,90,155,128,194,202,125,348,70,0,91,207,1,2,186
221,-120.330454,34.66684958,149,84,45,3384,250,65,184,110,190,198,106,433,93,0,94,272,1,2,231
221,-120.5910689,34.60052349,146,60,45,2441,218,85,132,117,173,180,115,444,92,0,91,270,2,2,236
221,-120.3912443,34.64169568,160,76,45,3063,251,84,167,124,196,204,121,376,80,0,92,230,1,2,191
221,-120.1887273,34.6758425,155,92,45,3701,265,63,201,112,200,208,107,425,92,0,95,268,1,2,247
221,-120.1163013,34.67755324,157,96,45,3904,272,61,211,111,205,213,106,414,91,0,95,269,1,2,227
221,-120.2499597,34.63709692,158,87,45,3495,262,72,190,117,200,208,113,369,82,0,97,244,1,2,211
221,-120.4586239,34.58957155,149,68,45,2750,230,80,149,116,180,188,114,434,88,0,92,255,1,2,243
221,-120.314616,34.61975735,155,79,45,3177,250,77,172,118,193,201,115,433,90,0,93,266,1,2,236
221,-120.185283,34.62779121,160,89,45,3600,266,71,195,118,203,212,113,382,84,0,97,250,1,2,220
221,-120.376666,34.57852741,152,71,45,2860,237,81,155,119,185,193,116,435,89,0,93,264,1,2,244
221,-120.0783566,34.63871882,162,95,45,3901,277,66,210,117,210,218,112,398,89,0,97,264,1,2,228
221,-120.4165881,34.52589717,148,68,45,2761,230,80,149,116,180,188,114,438,94,0,95,278,1,2,250
221,-120.34342,34.53875394,148,70,45,2866,233,78,155,115,181,190,112,466,98,0,94,289,1,2,264
221,-120.0862007,34.58525046,164,91,45,3698,273,74,199,121,209,218,117,403,87,0,96,260,1,2,232
221,-120.2000647,34.55896994,155,83,45,3387,255,72,183,115,196,204,112,485,105,0,95,304,1,2,286
221,-120.0110472,34.59413732,164,95,45,3889,279,69,209,119,212,221,114,431,92,0,95,276,1,2,244
221,-120.4154402,34.47482771,151,65,45,2660,229,85,143,119,181,189,117,391,88,0,97,258,1,2,220
221,-120.3418348,34.48723344,154,67,45,2760,235,86,149,121,185,193,119,378,84,0,97,249,1,2,217
221,-120.2542833,34.49756221,161,73,45,2970,248,88,160,126,195,204,123,367,82,0,97,245,1,2,213
221,-120.1643204,34.48754163,161,80,45,3278,258,81,176,123,200,209,120,409,92,0,98,274,1,2,246
221,-120.0820333,34.49939272,167,84,45,3459,269,83,185,127,209,217,123,423,97,0,99,285,1,2,256
221,-119.9090287,34.42854963,174,88,45,3682,282,86,195,131,219,228,127,468,109,0,100,318,1,2,289
221,-119.3450451,34.50069341,140,106,44,4692,274,32,241,86,201,209,81,431,99,0,100,296,2,2,258
221,-119.6530477,34.42652436,176,95,44,4098,294,79,214,128,226,235,124,456,107,0,102,319,1,2,281
221,-119.5694876,34.42083954,169,97,44,4211,289,70,219,120,221,230,115,464,108,0,101,324,1,2,281
221,-119.3196952,34.43478999,175,102,43,4552,304,71,233,123,233,242,118,422,99,0,101,291,1,2,260
221,-119.4214624,34.36111318,177,93,43,4139,294,81,213,129,234,238,125,510,114,0,98,340,2,2,288
221,-119.2888044,34.34069812,177,96,43,4339,299,77,221,127,231,240,122,466,104,0,98,311,1,2,266
221,-119.353983,34.32349471,178,91,43,4097,294,84,210,131,231,238,127,478,107,0,99,322,2,2,278
221,-119.1552045,34.354622,178,100,43,4514,304,75,229,126,234,244,121,402,95,0,102,277,1,2,249
221,-118.9413112,34.39532223,188,108,43,4952,325,75,250,131,250,260,125,344,76,0,98,225,1,2,200
221,-119.0911391,34.34438295,182,101,43,4578,310,77,232,129,239,249,125,383,89,0,101,261,1,2,234
221,-119.1641293,34.30386952,183,96,43,4383,306,83,223,133,238,248,128,389,95,0,102,267,1,2,248
221,-119.2378313,34.27808269,182,91,43,4119,297,87,210,134,232,242,130,411,94,0,100,282,1,2,246
221,-118.9089685,34.33743517,173,107,43,4861,308,61,246,117,234,244,111,500,106,0,95,314,2,4,279
221,-119.1025474,34.27046903,183,95,43,4305,304,84,219,133,236,246,129,417,95,0,99,279,1,2,245
221,-119.0392091,34.28135362,182,97,43,4430,306,80,225,131,237,247,126,394,90,0,99,263,1,2,232
221,-119.1561649,34.25322655,186,93,43,4245,305,89,216,137,238,248,132,385,92,0,101,262,1,2,239
221,-119.2473291,34.22940223,184,87,43,3975,296,93,202,138,233,243,135,424,95,0,99,284,1,2,249
221,-119.0903995,34.22371822,186,92,43,4165,302,90,211,137,237,247,133,393,90,0,99,263,1,2,232
221,-119.161254,34.20545805,184,87,43,3956,295,94,201,139,233,242,135,403,95,0,100,271,1,2,246
221,-119.2129855,34.18662392,183,84,43,3831,291,96,194,139,230,240,136,434,99,0,99,291,1,2,259
221,-118.9490276,34.23238224,183,97,43,4427,306,81,225,131,237,247,127,414,92,0,97,268,1,2,241
221,-119.0162176,34.20417643,184,91,43,4156,300,88,211,135,234,244,131,421,94,0,98,275,1,2,245
221,-119.0685502,34.18169776,186,90,43,4090,300,92,208,139,236,246,135,379,86,0,98,251,1,2,223
221,-119.1323713,34.16487326,184,84,43,3810,290,97,193,139,230,239,136,398,95,0,100,267,1,2,246
221,-118.8767377,34.1908217,176,96,43,4355,298,76,221,126,230,240,121,465,102,0,97,297,1,2,266
221,-119.0429065,34.14044439,185,87,43,3946,295,94,200,139,232,242,135,407,93,0,99,268,1,2,241
221,-119.5446507,34.01461765,160,60,43,2801,237,97,140,127,191,201,126,553,132,0,101,367,1,2,352
221,-118.7129222,34.04210486,168,95,43,4248,287,69,217,119,220,230,115,398,97,0,102,273,1,2,255
221,-118.4754105,34.07630838,186,105,43,4679,317,76,240,132,244,254,127,322,74,0,98,221,1,4,193
221,-118.402508,34.01145548,194,106,43,4693,324,82,242,139,251,262,134,342,77,0,96,225,1,4,202
221,-118.4082824,33.95648157,191,101,43,4449,316,85,230,140,245,256,135,349,77,0,96,229,1,4,204
221,-118.3418474,33.96735613,192,105,43,4634,321,81,239,138,248,259,132,374,83,0,96,245,1,4,220
221,-118.3947441,33.91249203,190,98,44,4324,311,87,224,140,242,253,135,342,75,0,96,224,1,4,200
221,-118.2116822,33.88606942,194,103,43,4571,321,84,237,141,249,260,135,346,80,0,98,227,1,3,213
221,-118.0153195,33.86168474,196,106,43,4728,327,83,244,142,253,265,135,343,79,0,97,221,1,2,207
221,-118.3896746,33.75251238,174,90,44,3943,285,80,205,128,220,232,124,389,86,0,96,254,3,4,228
221,-118.0203593,33.7997404,195,103,43,4603,323,85,238,142,250,262,136,331,76,0,97,214,1,2,199
221,-117.7807751,33.67474644,192,101,43,4559,319,84,234,140,247,260,134,294,61,0,92,181,2,4,162
221,-117.6600949,33.66314582,181,102,43,4615,309,72,237,128,236,249,122,317,67,1,93,201,4,5,174
