Longitude,Latitude,bio_1,bio_2,bio_3,bio_4,bio_5,bio_6,bio_7,bio_8,bio_9,bio_10,bio_11,bio_12,bio_13,bio_14,bio_15,bio_16,bio_17,bio_18,bio_19
-122.19448697804522,39.868054945245134,175.0,122,37,7003.0,367.0,39.0,328.0,84.0,276.0,276.0,84.0,584.0,120.0,2.0,83.0,341.0,10.0,10.0,341.0
-119.75715264094241,38.01047903827388,73.0,121,38,6656.0,252.0,-65.0,318.0,-10.0,171.0,171.0,-10.0,1089.0,212.0,7.0,78.0,597.0,23.0,23.0,597.0
-122.97935945321802,39.443134656006436,126.0,109,40,5420.0,282.0,12.0,269.0,54.0,200.0,203.0,54.0,932.0,213.0,1.0,95.0,612.0,9.0,9.0,612.0
-121.96178662768268,40.422783033924105,155.0,122,35,7486.0,355.0,13.0,342.0,59.0,260.0,265.0,59.0,969.0,177.0,4.0,74.0,515.0,26.0,26.0,515.0
-122.94491846639224,40.09799079492251,73.0,118,40,5957.0,246.0,-47.0,293.0,-3.0,155.0,159.0,-3.0,987.0,205.0,2.0,84.0,584.0,19.0,19.0,584.0
-120.84011134014939,38.55979672680278,163.0,122,39,6251.0,339.0,31.0,307.0,81.0,253.0,253.0,81.0,813.0,163.0,2.0,83.0,469.0,8.0,8.0,469.0
-120.2270526642248,39.58885267416142,78.0,123,35,7448.0,274.0,-71.0,345.0,-17.0,188.0,188.0,-17.0,576.0,104.0,9.0,67.0,297.0,32.0,32.0,297.0
-117.17362607536016,34.66309336925348,167.0,131,39,7061.0,350.0,14.0,335.0,84.0,222.0,268.0,74.0,164.0,28.0,1.0,63.0,80.0,7.0,23.0,78.0
-116.50081144301454,34.68368761252431,168.0,132,37,7493.0,357.0,8.0,348.0,68.0,229.0,275.0,68.0,158.0,26.0,1.0,62.0,77.0,4.0,32.0,77.0
-121.41133081324186,40.40333207446814,69.0,122,36,7112.0,263.0,-69.0,332.0,-21.0,174.0,174.0,-21.0,1180.0,221.0,6.0,75.0,635.0,32.0,32.0,635.0
-123.52298717616705,41.20101529269779,100.0,104,40,5332.0,254.0,-5.0,259.0,33.0,169.0,179.0,33.0,1224.0,209.0,5.0,71.0,623.0,32.0,43.0,623.0
-123.40220900955015,39.92184608314268,132.0,105,40,5318.0,285.0,24.0,261.0,63.0,202.0,209.0,63.0,1180.0,237.0,2.0,84.0,683.0,14.0,21.0,683.0
-117.4997712426077,33.50232419860578,162.0,101,43,4529.0,289.0,55.0,233.0,110.0,216.0,229.0,105.0,349.0,74.0,1.0,91.0,220.0,5.0,7.0,186.0
-117.80781906224688,34.212112127044136,164.0,124,42,5845.0,323.0,30.0,292.0,96.0,238.0,249.0,88.0,528.0,110.0,1.0,91.0,325.0,6.0,8.0,301.0
-122.3479095516227,38.97228250656301,147.0,118,41,5705.0,312.0,24.0,288.0,69.0,226.0,226.0,69.0,594.0,123.0,1.0,89.0,354.0,5.0,5.0,354.0
-121.1305132260638,40.027706727116794,107.0,123,36,7209.0,302.0,-34.0,336.0,14.0,212.0,212.0,14.0,1020.0,209.0,3.0,80.0,588.0,15.0,15.0,588.0
-121.51941688502434,38.837839831616265,178.0,123,40,6107.0,353.0,49.0,304.0,96.0,263.0,263.0,96.0,518.0,108.0,1.0,86.0,307.0,4.0,4.0,307.0
-118.75412983792813,36.415654434286616,109.0,122,38,6950.0,289.0,-32.0,322.0,24.0,211.0,211.0,21.0,860.0,167.0,2.0,86.0,483.0,8.0,8.0,479.0
-116.64424324997027,34.14591003712742,101.0,133,41,6481.0,277.0,-42.0,320.0,21.0,150.0,195.0,17.0,358.0,66.0,1.0,74.0,190.0,11.0,43.0,189.0
-116.83041926162323,33.08748864480528,164.0,120,44,5077.0,311.0,42.0,268.0,120.0,226.0,239.0,100.0,556.0,104.0,3.0,83.0,308.0,14.0,24.0,278.0
-117.78884622414131,34.26292975096273,138.0,125,42,5892.0,299.0,3.0,295.0,70.0,213.0,223.0,62.0,527.0,111.0,2.0,90.0,328.0,7.0,11.0,293.0
-114.62569385992612,33.8733988296025,224.0,130,37,7632.0,407.0,60.0,346.0,289.0,288.0,330.0,122.0,114.0,20.0,1.0,57.0,48.0,3.0,48.0,42.0
-123.13437080486877,41.56854908455547,52.0,113,39,5829.0,221.0,-63.0,285.0,-21.0,129.0,139.0,-21.0,1032.0,189.0,8.0,77.0,566.0,34.0,42.0,566.0
-120.11478909936794,37.428012404590184,168.0,124,40,6219.0,343.0,34.0,308.0,97.0,259.0,259.0,88.0,574.0,105.0,1.0,83.0,305.0,3.0,3.0,300.0
-121.0049583873982,37.92347253350148,176.0,123,42,5530.0,339.0,50.0,288.0,100.0,253.0,253.0,100.0,384.0,74.0,1.0,83.0,211.0,3.0,3.0,211.0
-122.77083040108658,40.79335829142673,120.0,120,37,6757.0,309.0,-10.0,319.0,34.0,221.0,221.0,34.0,922.0,169.0,4.0,77.0,494.0,24.0,24.0,494.0
-120.65365705381679,37.59416980754202,179.0,125,41,5753.0,347.0,50.0,296.0,102.0,257.0,261.0,102.0,402.0,80.0,1.0,85.0,229.0,4.0,4.0,229.0
-121.24164980496793,38.805035040478685,175.0,123,39,6229.0,352.0,45.0,307.0,93.0,263.0,263.0,93.0,671.0,134.0,2.0,83.0,381.0,8.0,8.0,381.0
-118.82665844636614,36.45333777454954,137.0,122,37,7064.0,320.0,-5.0,325.0,48.0,241.0,241.0,48.0,819.0,160.0,2.0,83.0,450.0,8.0,8.0,449.0
-118.7027764097102,35.86247890561403,153.0,126,38,7046.0,336.0,8.0,328.0,71.0,246.0,256.0,63.0,480.0,88.0,1.0,83.0,254.0,7.0,9.0,253.0
-123.49965008112639,39.410310207093275,131.0,83,40,4176.0,249.0,43.0,205.0,76.0,184.0,191.0,76.0,1275.0,243.0,2.0,83.0,705.0,13.0,22.0,705.0
-121.90663273158827,39.310147633350134,179.0,123,38,6555.0,362.0,46.0,317.0,92.0,271.0,271.0,92.0,475.0,92.0,1.0,82.0,268.0,5.0,5.0,268.0
-122.70096304995755,38.34348972573594,154.0,92,43,4056.0,272.0,58.0,213.0,96.0,208.0,208.0,96.0,743.0,163.0,1.0,89.0,456.0,7.0,7.0,456.0
-121.30580395617976,38.47417021089251,176.0,123,41,5790.0,344.0,49.0,295.0,98.0,256.0,256.0,98.0,487.0,99.0,1.0,85.0,282.0,3.0,3.0,282.0
-118.89159772098519,34.432322053265494,163.0,111,43,5079.0,304.0,47.0,256.0,104.0,227.0,237.0,99.0,401.0,87.0,0.0,94.0,257.0,2.0,4.0,212.0
-121.49251463566524,38.990682502501954,179.0,123,39,6290.0,357.0,48.0,309.0,95.0,267.0,267.0,95.0,576.0,121.0,1.0,86.0,343.0,5.0,5.0,343.0
-115.45454916958582,34.70375109717788,206.0,129,36,7966.0,397.0,40.0,357.0,317.0,273.0,317.0,99.0,185.0,30.0,2.0,51.0,79.0,9.0,79.0,55.0
-118.80496466542313,36.61080301206207,88.0,121,38,6891.0,268.0,-51.0,319.0,9.0,190.0,190.0,1.0,891.0,169.0,3.0,83.0,489.0,11.0,11.0,469.0
-117.21125386570567,33.46307485546062,177.0,111,43,4917.0,316.0,61.0,255.0,121.0,237.0,250.0,115.0,321.0,65.0,2.0,87.0,194.0,7.0,11.0,174.0
-117.19535770137287,34.39358107489247,146.0,131,40,6614.0,323.0,0.0,323.0,70.0,232.0,242.0,60.0,506.0,94.0,2.0,79.0,278.0,17.0,27.0,261.0
-122.08718258139834,41.68136218649128,73.0,121,36,7038.0,269.0,-60.0,329.0,-15.0,180.0,180.0,-15.0,588.0,103.0,7.0,69.0,307.0,27.0,27.0,307.0
-116.25334956103686,34.11504780583564,172.0,134,39,7031.0,356.0,19.0,336.0,80.0,227.0,273.0,80.0,132.0,25.0,0.0,67.0,71.0,2.0,24.0,71.0
-116.38309575344734,33.1515907438606,178.0,131,43,5859.0,343.0,41.0,301.0,103.0,217.0,264.0,103.0,276.0,52.0,1.0,73.0,144.0,10.0,32.0,144.0
-123.21555221771753,39.91812380952713,102.0,110,40,5527.0,262.0,-10.0,273.0,30.0,175.0,182.0,30.0,1313.0,254.0,2.0,82.0,738.0,17.0,23.0,738.0
-115.62099881172826,34.87227137495825,170.0,129,36,7855.0,361.0,6.0,354.0,80.0,237.0,281.0,66.0,248.0,34.0,2.0,48.0,100.0,11.0,80.0,89.0
-119.60244905099204,34.878402193031285,145.0,121,44,5222.0,297.0,22.0,274.0,85.0,213.0,221.0,78.0,285.0,56.0,1.0,85.0,164.0,3.0,5.0,142.0
-123.1529198311202,39.61344123206299,119.0,106,40,5326.0,273.0,9.0,263.0,49.0,190.0,195.0,49.0,1058.0,241.0,1.0,90.0,676.0,11.0,12.0,676.0
-117.9298193062497,34.62781704600234,170.0,129,40,6534.0,344.0,27.0,316.0,95.0,255.0,265.0,86.0,213.0,43.0,1.0,84.0,124.0,5.0,10.0,117.0
-123.02154168095873,39.91134993935417,112.0,115,39,5865.0,281.0,-6.0,287.0,36.0,190.0,197.0,36.0,832.0,168.0,1.0,84.0,480.0,12.0,13.0,480.0
-121.18643446535494,38.93982232292318,172.0,123,39,6386.0,352.0,40.0,311.0,88.0,263.0,263.0,88.0,757.0,144.0,2.0,81.0,410.0,9.0,9.0,410.0
-121.08904379130051,37.94232106801672,174.0,122,42,5423.0,335.0,50.0,285.0,100.0,249.0,249.0,100.0,367.0,72.0,1.0,83.0,204.0,3.0,3.0,204.0
-119.47064781715778,34.984563999256636,142.0,124,43,5505.0,300.0,14.0,286.0,79.0,214.0,222.0,72.0,247.0,50.0,1.0,85.0,146.0,3.0,3.0,124.0
-117.00114956323398,33.8900501347275,175.0,128,42,6069.0,341.0,36.0,305.0,106.0,252.0,264.0,97.0,507.0,94.0,3.0,80.0,282.0,19.0,26.0,252.0
-121.48726187099983,38.944537976568526,179.0,123,40,6238.0,356.0,48.0,308.0,96.0,266.0,266.0,96.0,564.0,118.0,1.0,86.0,336.0,5.0,5.0,336.0
-122.87446871677423,39.12908206662367,130.0,108,41,5233.0,281.0,18.0,263.0,60.0,202.0,203.0,60.0,1055.0,194.0,1.0,85.0,581.0,13.0,13.0,581.0
-122.62039509482369,41.94309950528556,107.0,118,37,6713.0,295.0,-20.0,316.0,22.0,209.0,209.0,22.0,444.0,80.0,7.0,66.0,234.0,27.0,27.0,234.0
-117.34773565132791,34.73667799426432,181.0,131,38,7137.0,365.0,28.0,337.0,98.0,237.0,283.0,87.0,108.0,18.0,1.0,64.0,54.0,5.0,16.0,51.0
-118.24466612103687,35.07263191655511,160.0,129,39,6891.0,340.0,14.0,326.0,80.0,243.0,259.0,71.0,158.0,31.0,1.0,83.0,91.0,5.0,8.0,85.0
-117.6322865655999,34.69101391271186,168.0,130,39,6817.0,347.0,21.0,326.0,89.0,221.0,267.0,79.0,150.0,28.0,1.0,72.0,82.0,6.0,15.0,75.0
-122.05881213133875,41.40769381551811,75.0,121,36,7128.0,271.0,-61.0,333.0,-15.0,182.0,182.0,-15.0,1203.0,238.0,6.0,83.0,690.0,26.0,26.0,690.0
-116.41364624091669,34.50297853216962,182.0,133,38,7464.0,371.0,23.0,348.0,83.0,243.0,289.0,83.0,159.0,24.0,1.0,54.0,71.0,5.0,39.0,71.0
-122.85005469720987,39.978477709110265,79.0,118,40,5993.0,253.0,-42.0,295.0,1.0,164.0,166.0,1.0,909.0,177.0,2.0,85.0,514.0,17.0,17.0,514.0
-123.19750794048603,39.96730152806791,89.0,112,40,5579.0,251.0,-24.0,276.0,17.0,162.0,170.0,17.0,1269.0,229.0,2.0,78.0,669.0,20.0,26.0,669.0
-122.60297908334495,39.46917610801678,130.0,118,39,6041.0,303.0,5.0,297.0,50.0,216.0,216.0,50.0,789.0,177.0,1.0,93.0,502.0,9.0,9.0,502.0
-116.26411964595148,32.77994748739321,149.0,131,44,5583.0,310.0,18.0,292.0,78.0,185.0,232.0,78.0,260.0,54.0,2.0,77.0,149.0,9.0,31.0,149.0
-121.66351600317228,36.30541560040687,96.0,90,47,3233.0,199.0,9.0,189.0,51.0,140.0,140.0,51.0,813.0,168.0,1.0,90.0,474.0,5.0,5.0,474.0
-115.29359053060499,33.43588480334555,202.0,134,39,7099.0,385.0,48.0,336.0,304.0,258.0,304.0,108.0,79.0,13.0,0.0,58.0,33.0,1.0,33.0,29.0
-115.71959135913535,33.56854891315526,201.0,134,40,6974.0,383.0,48.0,334.0,163.0,254.0,301.0,109.0,81.0,13.0,1.0,57.0,35.0,3.0,29.0,35.0
-118.68280710437489,35.84667839506547,153.0,126,38,7046.0,336.0,8.0,328.0,71.0,246.0,256.0,63.0,480.0,88.0,1.0,83.0,254.0,7.0,9.0,253.0
-119.62368281032201,34.458693120765545,142.0,99,44,4254.0,264.0,42.0,222.0,93.0,199.0,204.0,88.0,617.0,141.0,0.0,99.0,410.0,2.0,2.0,373.0
-120.60586009045265,38.00881690227333,151.0,123,40,5999.0,322.0,21.0,301.0,72.0,237.0,237.0,72.0,837.0,179.0,1.0,87.0,505.0,6.0,6.0,505.0
-119.48663735708806,34.96714214990896,142.0,124,43,5505.0,300.0,14.0,286.0,79.0,214.0,222.0,72.0,247.0,50.0,1.0,85.0,146.0,3.0,3.0,124.0
-116.59039018521118,32.60196430449523,160.0,119,45,4884.0,304.0,42.0,261.0,110.0,209.0,233.0,99.0,396.0,78.0,2.0,85.0,225.0,14.0,24.0,207.0
-120.3827869724712,38.58642904598942,94.0,122,38,6488.0,274.0,-41.0,315.0,11.0,189.0,189.0,11.0,1279.0,245.0,6.0,78.0,698.0,22.0,22.0,698.0
-119.56415171282143,37.55630766496075,60.0,122,39,6468.0,236.0,-76.0,313.0,-16.0,156.0,156.0,-21.0,1075.0,206.0,4.0,80.0,581.0,17.0,17.0,569.0
-122.41668080690197,38.569394514017105,140.0,109,42,4886.0,284.0,29.0,255.0,72.0,206.0,206.0,72.0,858.0,192.0,1.0,94.0,543.0,6.0,6.0,543.0
-120.73798078397012,38.3974523752875,154.0,122,39,6192.0,329.0,22.0,306.0,73.0,243.0,243.0,73.0,868.0,169.0,2.0,82.0,486.0,8.0,8.0,486.0
-120.35140503243784,39.24190139027005,69.0,123,37,6954.0,257.0,-73.0,330.0,-20.0,171.0,171.0,-20.0,1225.0,229.0,8.0,77.0,665.0,35.0,35.0,665.0
-119.77641907847223,37.54053512941954,111.0,122,39,6420.0,288.0,-23.0,311.0,36.0,206.0,206.0,30.0,955.0,179.0,2.0,80.0,505.0,10.0,10.0,498.0
-116.58793779285332,33.205667611869124,138.0,128,44,5486.0,295.0,8.0,286.0,69.0,174.0,219.0,68.0,475.0,89.0,2.0,80.0,257.0,16.0,32.0,257.0
-123.48563108438523,39.40736149544355,131.0,83,40,4176.0,249.0,43.0,205.0,76.0,184.0,191.0,76.0,1275.0,243.0,2.0,83.0,705.0,13.0,22.0,705.0
-117.09403717387988,34.41788415528174,164.0,132,40,6816.0,344.0,14.0,329.0,83.0,216.0,262.0,75.0,330.0,61.0,1.0,80.0,179.0,11.0,19.0,176.0
-120.3512354019447,38.65426267622903,85.0,122,38,6530.0,265.0,-51.0,316.0,1.0,181.0,181.0,1.0,1216.0,230.0,7.0,77.0,654.0,25.0,25.0,654.0
-119.83126364190632,38.86651396580671,92.0,123,35,7425.0,284.0,-59.0,344.0,-2.0,202.0,202.0,-2.0,429.0,83.0,7.0,70.0,233.0,26.0,26.0,233.0
-121.78693978114669,39.42421121106524,180.0,123,38,6748.0,367.0,45.0,322.0,91.0,276.0,276.0,91.0,596.0,122.0,1.0,84.0,352.0,5.0,5.0,352.0
-119.95065016712559,37.5276303007857,140.0,123,39,6345.0,316.0,6.0,310.0,61.0,233.0,233.0,59.0,851.0,172.0,2.0,86.0,481.0,6.0,6.0,480.0
-118.70394125934318,35.95005973832553,136.0,126,38,6994.0,318.0,-7.0,326.0,59.0,229.0,238.0,47.0,524.0,94.0,1.0,83.0,276.0,8.0,9.0,271.0
-123.45665903510579,40.62462759785994,122.0,108,40,5537.0,282.0,12.0,270.0,52.0,195.0,204.0,52.0,1060.0,190.0,3.0,78.0,565.0,21.0,27.0,565.0
-120.30881956704721,37.634866464727516,169.0,123,40,6120.0,342.0,37.0,305.0,90.0,258.0,258.0,90.0,649.0,130.0,1.0,86.0,374.0,4.0,4.0,374.0
-123.77162196032836,40.99441206229036,94.0,91,40,4599.0,226.0,2.0,224.0,37.0,153.0,162.0,36.0,1587.0,306.0,4.0,81.0,869.0,30.0,32.0,869.0
-121.71384530666231,40.584423071538055,86.0,122,36,7219.0,282.0,-53.0,335.0,-6.0,193.0,193.0,-6.0,1314.0,223.0,6.0,70.0,657.0,41.0,41.0,657.0
-118.58636176511088,35.45540876836231,105.0,128,40,6681.0,284.0,-35.0,319.0,39.0,194.0,203.0,20.0,358.0,65.0,1.0,79.0,189.0,6.0,11.0,176.0
-117.00651673078185,34.493412609436255,169.0,132,39,6958.0,351.0,17.0,333.0,89.0,223.0,269.0,77.0,258.0,45.0,1.0,71.0,132.0,10.0,25.0,128.0
-117.13438122461974,34.66378477654053,164.0,131,39,7076.0,348.0,12.0,336.0,82.0,220.0,266.0,71.0,181.0,30.0,2.0,62.0,87.0,8.0,25.0,85.0
-122.6990307860679,39.35304010863182,113.0,116,40,5716.0,279.0,-6.0,285.0,37.0,194.0,194.0,37.0,851.0,201.0,1.0,96.0,572.0,8.0,8.0,572.0
-123.0054248093732,41.80366245017807,113.0,114,38,6230.0,289.0,-7.0,297.0,34.0,195.0,207.0,34.0,657.0,127.0,6.0,79.0,380.0,26.0,27.0,380.0
-122.19934105573637,40.42578591118014,170.0,122,35,7472.0,370.0,28.0,341.0,73.0,280.0,280.0,73.0,916.0,166.0,3.0,74.0,481.0,22.0,22.0,481.0
-118.49621972125219,35.931293761692245,133.0,124,37,7202.0,317.0,-12.0,330.0,42.0,229.0,239.0,42.0,439.0,93.0,2.0,92.0,273.0,7.0,9.0,273.0
-116.59321390655992,34.740334173638374,171.0,132,37,7516.0,361.0,12.0,349.0,71.0,232.0,278.0,71.0,163.0,28.0,1.0,65.0,81.0,4.0,28.0,81.0
-122.90393710384922,38.891495854854774,118.0,100,41,4698.0,255.0,14.0,240.0,55.0,180.0,183.0,55.0,1100.0,246.0,1.0,91.0,703.0,10.0,10.0,703.0
-119.49148334774455,34.8854376700414,139.0,122,43,5364.0,294.0,14.0,279.0,93.0,209.0,217.0,71.0,268.0,54.0,1.0,83.0,157.0,3.0,5.0,115.0
-123.07719706469737,40.14657685025431,74.0,116,40,5827.0,244.0,-44.0,288.0,0.0,152.0,159.0,0.0,1080.0,200.0,3.0,75.0,573.0,24.0,26.0,573.0
-123.20550779380453,39.6638336255544,118.0,106,40,5303.0,271.0,8.0,262.0,48.0,187.0,194.0,48.0,1150.0,260.0,1.0,90.0,733.0,13.0,14.0,733.0
-121.65842545599277,41.30754765088395,98.0,121,35,7459.0,300.0,-41.0,342.0,3.0,211.0,211.0,3.0,672.0,118.0,5.0,70.0,347.0,21.0,21.0,347.0
-121.60724377759621,38.48916166088253,173.0,121,42,5537.0,336.0,49.0,286.0,97.0,248.0,248.0,97.0,441.0,93.0,1.0,88.0,263.0,3.0,3.0,263.0
-123.22702128451316,40.74394216321619,123.0,114,39,6017.0,295.0,4.0,290.0,46.0,202.0,212.0,46.0,875.0,161.0,4.0,77.0,477.0,22.0,26.0,477.0
-118.82973317309754,34.676037302558726,148.0,122,42,5724.0,307.0,20.0,287.0,82.0,222.0,232.0,76.0,321.0,67.0,1.0,92.0,199.0,3.0,5.0,177.0
-122.73457080615076,39.71292556319587,130.0,118,39,6165.0,305.0,5.0,300.0,49.0,218.0,218.0,49.0,614.0,131.0,2.0,86.0,368.0,8.0,8.0,368.0
-122.3864842472285,39.20256831212037,151.0,119,40,5990.0,323.0,25.0,297.0,71.0,235.0,235.0,71.0,629.0,141.0,1.0,94.0,404.0,5.0,5.0,404.0
-116.84607448431505,33.684060891672004,164.0,128,42,5896.0,328.0,27.0,300.0,96.0,205.0,251.0,88.0,456.0,85.0,2.0,79.0,247.0,15.0,33.0,242.0
-122.49510890813156,41.841031827333026,113.0,119,36,6922.0,306.0,-17.0,324.0,31.0,218.0,218.0,26.0,448.0,81.0,7.0,65.0,231.0,28.0,28.0,231.0
-122.64960755216042,39.123933276154816,125.0,114,41,5488.0,285.0,7.0,277.0,51.0,200.0,202.0,51.0,937.0,203.0,1.0,93.0,591.0,9.0,9.0,591.0
-122.05481158514692,38.674181556965614,164.0,118,41,5498.0,325.0,42.0,282.0,89.0,239.0,239.0,89.0,509.0,120.0,1.0,95.0,332.0,5.0,5.0,332.0
-117.71290862496146,34.657568170852095,169.0,130,40,6692.0,345.0,23.0,322.0,91.0,220.0,265.0,82.0,188.0,35.0,1.0,75.0,104.0,7.0,15.0,92.0
-120.7790325678869,40.269979586448436,82.0,123,35,7443.0,280.0,-63.0,344.0,-13.0,192.0,192.0,-13.0,675.0,131.0,5.0,77.0,376.0,17.0,17.0,376.0
-121.874989006272,41.41421834960338,76.0,121,36,7226.0,274.0,-61.0,335.0,-15.0,185.0,185.0,-15.0,872.0,137.0,8.0,63.0,405.0,37.0,37.0,405.0
-117.34153975788375,34.74719938735465,181.0,131,38,7137.0,365.0,28.0,337.0,98.0,237.0,283.0,87.0,108.0,18.0,1.0,64.0,54.0,5.0,16.0,51.0
-122.71203231993061,39.892838859915145,94.0,119,39,6139.0,270.0,-30.0,300.0,14.0,182.0,182.0,14.0,800.0,163.0,2.0,84.0,461.0,15.0,15.0,461.0
-122.67623656698188,40.12947612860416,144.0,120,38,6673.0,330.0,13.0,317.0,57.0,241.0,241.0,57.0,717.0,152.0,2.0,83.0,426.0,14.0,14.0,426.0
-122.59750254262288,40.36485718796854,158.0,121,37,6999.0,350.0,23.0,327.0,68.0,261.0,261.0,68.0,789.0,158.0,3.0,79.0,447.0,20.0,20.0,447.0
-121.55320264196811,40.62644229978104,75.0,122,36,7217.0,270.0,-64.0,335.0,-17.0,181.0,182.0,-17.0,1059.0,189.0,6.0,72.0,552.0,34.0,34.0,552.0
-122.65797133074388,41.43070506505952,76.0,120,37,6641.0,263.0,-52.0,316.0,-7.0,169.0,176.0,-7.0,767.0,133.0,8.0,71.0,397.0,36.0,37.0,397.0
-122.74054909503425,38.181719965641456,142.0,83,44,3572.0,246.0,56.0,189.0,92.0,190.0,190.0,92.0,809.0,189.0,1.0,93.0,523.0,6.0,6.0,523.0
-122.59099761952994,39.53732963847022,141.0,118,39,6143.0,316.0,16.0,300.0,60.0,229.0,229.0,60.0,668.0,158.0,1.0,94.0,438.0,7.0,7.0,438.0
-122.00318572037554,41.32326118784037,101.0,122,35,7331.0,301.0,-38.0,339.0,8.0,211.0,211.0,8.0,1241.0,229.0,6.0,79.0,668.0,31.0,31.0,668.0
-121.2188158580617,38.80939713740386,175.0,123,39,6229.0,352.0,45.0,307.0,93.0,263.0,263.0,93.0,671.0,134.0,2.0,83.0,381.0,8.0,8.0,381.0
-122.6585940203329,38.56699075618103,141.0,101,42,4564.0,274.0,37.0,237.0,78.0,203.0,203.0,78.0,1014.0,214.0,1.0,88.0,612.0,8.0,8.0,612.0
-118.38647580264188,35.838603365210425,95.0,125,38,7039.0,277.0,-49.0,326.0,13.0,189.0,198.0,5.0,492.0,91.0,3.0,83.0,269.0,11.0,17.0,260.0
-116.84510015646487,32.94240581300592,171.0,114,44,4774.0,310.0,55.0,254.0,129.0,228.0,242.0,111.0,479.0,89.0,3.0,84.0,263.0,9.0,15.0,244.0
-118.7092072042466,35.259370573868715,194.0,129,39,6842.0,375.0,49.0,325.0,136.0,284.0,294.0,107.0,237.0,44.0,1.0,75.0,126.0,5.0,7.0,103.0
-116.59499790349082,34.220462550032806,123.0,133,40,6708.0,302.0,-25.0,327.0,35.0,174.0,220.0,35.0,312.0,58.0,1.0,77.0,171.0,7.0,33.0,171.0
-123.15914341444544,41.42714546125735,70.0,113,39,5930.0,241.0,-47.0,288.0,-4.0,148.0,159.0,-4.0,1040.0,210.0,6.0,85.0,622.0,28.0,35.0,622.0
-120.20312108113784,38.248699641543915,102.0,121,38,6449.0,279.0,-34.0,313.0,19.0,196.0,196.0,19.0,1277.0,263.0,4.0,83.0,739.0,17.0,17.0,739.0
-119.84498117340745,38.04098690399593,78.0,121,38,6572.0,256.0,-59.0,315.0,-4.0,175.0,175.0,-4.0,1242.0,251.0,6.0,82.0,706.0,20.0,20.0,706.0
-122.0537428635786,41.19768529473897,115.0,122,35,7409.0,315.0,-25.0,341.0,21.0,226.0,226.0,21.0,1126.0,197.0,6.0,73.0,571.0,31.0,31.0,571.0
-121.07011035200387,41.21315786757547,100.0,120,34,7678.0,304.0,-42.0,347.0,2.0,216.0,216.0,2.0,459.0,67.0,6.0,53.0,201.0,25.0,25.0,201.0
-122.5094049612402,38.253413003063365,148.0,96,43,4115.0,268.0,50.0,218.0,89.0,202.0,202.0,89.0,740.0,175.0,1.0,96.0,492.0,6.0,6.0,492.0
-123.21458963062068,39.26887436149133,143.0,93,40,4621.0,274.0,45.0,229.0,81.0,202.0,208.0,81.0,947.0,211.0,1.0,93.0,607.0,8.0,9.0,607.0
-116.61639543265763,32.61251331005952,160.0,119,45,4884.0,304.0,42.0,261.0,110.0,209.0,233.0,99.0,396.0,78.0,2.0,85.0,225.0,14.0,24.0,207.0
-120.3055324174627,38.24098335765211,120.0,122,39,6383.0,296.0,-14.0,311.0,38.0,213.0,213.0,38.0,1192.0,247.0,3.0,85.0,693.0,13.0,13.0,693.0
-118.25857879609305,34.85341926823702,171.0,128,40,6610.0,347.0,28.0,318.0,95.0,258.0,267.0,86.0,179.0,35.0,1.0,85.0,104.0,5.0,9.0,93.0
-117.85854047561942,34.75252964681834,172.0,129,39,6813.0,351.0,25.0,325.0,93.0,236.0,270.0,84.0,185.0,35.0,1.0,78.0,103.0,6.0,14.0,96.0
-117.88653351263136,36.300026047081396,149.0,118,34,8024.0,340.0,-7.0,347.0,55.0,214.0,264.0,44.0,227.0,43.0,3.0,73.0,127.0,14.0,24.0,113.0
-117.59731908094912,34.71422526216429,163.0,130,39,6885.0,343.0,15.0,328.0,83.0,216.0,262.0,73.0,169.0,31.0,1.0,69.0,90.0,8.0,19.0,82.0
-122.58253920776126,40.73513267712954,111.0,122,37,6927.0,303.0,-22.0,326.0,23.0,214.0,214.0,23.0,1392.0,255.0,6.0,75.0,737.0,37.0,37.0,737.0
-122.72747187488112,40.00857302299961,86.0,120,39,6202.0,264.0,-39.0,303.0,5.0,175.0,175.0,5.0,840.0,182.0,2.0,85.0,509.0,15.0,15.0,509.0
-116.88582581107016,35.21953937540556,176.0,128,35,7893.0,369.0,13.0,355.0,84.0,242.0,288.0,71.0,138.0,26.0,1.0,67.0,75.0,6.0,31.0,61.0
-121.75116061691998,39.96791262862161,136.0,122,36,7065.0,328.0,-1.0,330.0,44.0,238.0,238.0,44.0,1172.0,231.0,2.0,80.0,659.0,17.0,17.0,659.0
-121.59363165994914,38.5041695185487,173.0,121,42,5595.0,338.0,49.0,288.0,97.0,250.0,250.0,97.0,444.0,94.0,1.0,88.0,265.0,3.0,3.0,265.0
-117.67474760235584,36.035491673033505,149.0,120,34,7993.0,340.0,-8.0,349.0,56.0,215.0,264.0,44.0,161.0,30.0,2.0,64.0,86.0,11.0,29.0,67.0
-119.81529244800491,37.622099446621604,144.0,122,38,6585.0,323.0,7.0,316.0,60.0,241.0,241.0,60.0,735.0,147.0,2.0,82.0,412.0,7.0,7.0,412.0
-119.9999712602203,37.828368600835006,123.0,121,38,6443.0,300.0,-11.0,312.0,41.0,218.0,218.0,41.0,899.0,163.0,3.0,76.0,467.0,11.0,11.0,467.0
-122.22629276673754,38.02803204719255,150.0,98,44,4012.0,270.0,51.0,218.0,92.0,202.0,202.0,92.0,608.0,125.0,1.0,85.0,349.0,5.0,5.0,349.0
-116.58977118434507,32.64002938351105,156.0,120,45,4922.0,301.0,37.0,263.0,101.0,211.0,229.0,94.0,413.0,82.0,2.0,84.0,231.0,13.0,23.0,220.0
-116.05659450387785,34.89559228531861,195.0,130,36,7990.0,389.0,28.0,360.0,283.0,262.0,308.0,88.0,156.0,20.0,2.0,43.0,57.0,8.0,57.0,51.0
-121.82208779149944,41.17247514732689,85.0,121,35,7316.0,284.0,-54.0,338.0,-7.0,195.0,195.0,-7.0,1133.0,198.0,5.0,72.0,579.0,29.0,29.0,579.0
-121.82721785938342,41.3189227288606,88.0,121,35,7331.0,287.0,-51.0,338.0,-4.0,198.0,198.0,-4.0,1051.0,178.0,7.0,70.0,526.0,36.0,36.0,526.0
-120.72842752101855,38.477038281821045,151.0,122,39,6254.0,327.0,19.0,307.0,69.0,241.0,241.0,69.0,859.0,164.0,3.0,80.0,471.0,10.0,10.0,471.0
-122.29369884835816,40.318711760993985,167.0,122,36,7284.0,364.0,28.0,336.0,73.0,274.0,274.0,73.0,771.0,149.0,3.0,77.0,426.0,16.0,16.0,426.0
-121.58799933770342,39.17534936035115,180.0,123,39,6501.0,362.0,47.0,315.0,94.0,271.0,271.0,94.0,550.0,112.0,1.0,85.0,323.0,3.0,3.0,323.0
-117.0603328115826,34.6740161899439,156.0,131,38,7138.0,341.0,3.0,337.0,66.0,213.0,259.0,62.0,182.0,30.0,1.0,62.0,87.0,8.0,27.0,87.0
-122.41009099531294,38.58990891186667,150.0,110,42,4998.0,297.0,37.0,259.0,81.0,218.0,218.0,81.0,691.0,156.0,1.0,93.0,438.0,5.0,5.0,438.0
-123.45631907553708,39.56661322125005,123.0,93,40,4621.0,255.0,26.0,228.0,62.0,182.0,189.0,62.0,1220.0,265.0,2.0,89.0,752.0,11.0,17.0,752.0
-123.27733185991205,41.380775854363556,54.0,111,40,5664.0,218.0,-58.0,277.0,-16.0,129.0,138.0,-16.0,1291.0,233.0,7.0,75.0,697.0,37.0,52.0,697.0
-115.54576495065754,34.16217166251858,211.0,132,37,7557.0,399.0,51.0,348.0,235.0,273.0,318.0,111.0,107.0,15.0,1.0,50.0,42.0,4.0,41.0,42.0
-119.83162683066905,37.53313648396826,125.0,123,39,6429.0,301.0,-10.0,312.0,51.0,219.0,219.0,43.0,917.0,166.0,2.0,81.0,490.0,8.0,8.0,467.0
-121.16244508036866,41.30358257023828,98.0,120,34,7628.0,302.0,-43.0,345.0,1.0,214.0,214.0,1.0,428.0,62.0,5.0,53.0,187.0,23.0,23.0,187.0
-119.48352806039672,37.22417305697731,142.0,124,38,6722.0,323.0,2.0,321.0,73.0,241.0,241.0,57.0,799.0,144.0,1.0,82.0,431.0,6.0,6.0,396.0
-118.86811987082336,35.64223128972938,176.0,128,39,6892.0,358.0,31.0,326.0,117.0,273.0,277.0,88.0,326.0,60.0,1.0,78.0,176.0,5.0,5.0,149.0
-123.45445888127696,38.89223479674267,125.0,65,41,3207.0,213.0,54.0,158.0,82.0,164.0,170.0,82.0,1135.0,225.0,2.0,85.0,654.0,13.0,19.0,654.0
-121.81837510755034,40.38477664204679,132.0,122,35,7373.0,329.0,-9.0,339.0,37.0,240.0,240.0,37.0,959.0,160.0,4.0,69.0,472.0,29.0,29.0,472.0
-123.24484496571546,41.054191381028595,62.0,113,40,5778.0,230.0,-52.0,283.0,-10.0,139.0,148.0,-10.0,1374.0,263.0,5.0,83.0,786.0,27.0,37.0,786.0
-121.38596134960771,38.82454086702796,178.0,123,40,6128.0,353.0,49.0,304.0,96.0,264.0,264.0,96.0,553.0,115.0,1.0,86.0,325.0,5.0,5.0,325.0
-117.2516293450957,33.684445663674076,177.0,117,43,5317.0,325.0,52.0,272.0,116.0,242.0,255.0,109.0,297.0,60.0,1.0,87.0,180.0,7.0,10.0,160.0
-119.66561464730464,37.33953370898811,148.0,123,38,6630.0,328.0,9.0,318.0,69.0,246.0,246.0,64.0,752.0,148.0,1.0,83.0,411.0,6.0,6.0,407.0
-116.7666103972765,34.00511287180071,118.0,132,42,6301.0,291.0,-24.0,315.0,45.0,164.0,210.0,36.0,510.0,93.0,2.0,75.0,276.0,20.0,51.0,255.0
-122.66372257122359,38.487274170824925,147.0,98,43,4396.0,275.0,45.0,229.0,85.0,206.0,206.0,85.0,910.0,188.0,1.0,88.0,539.0,8.0,8.0,539.0
-118.58194669724789,35.283665477335376,160.0,129,39,6846.0,341.0,16.0,325.0,101.0,250.0,260.0,73.0,278.0,51.0,1.0,76.0,147.0,5.0,10.0,127.0
-116.42317398041853,33.36238902535735,182.0,132,42,6054.0,350.0,42.0,307.0,103.0,223.0,270.0,103.0,212.0,40.0,1.0,73.0,115.0,6.0,26.0,115.0
-121.41311232317723,40.26439407358214,88.0,122,36,7154.0,282.0,-51.0,333.0,-3.0,192.0,192.0,-3.0,957.0,184.0,4.0,74.0,523.0,22.0,22.0,523.0
-118.5623039777305,34.898171409094786,140.0,127,41,6296.0,311.0,3.0,308.0,68.0,223.0,232.0,60.0,254.0,53.0,1.0,88.0,156.0,3.0,7.0,131.0
-121.21983058542261,40.5968435421122,68.0,122,36,7275.0,264.0,-73.0,337.0,-24.0,176.0,176.0,-24.0,597.0,99.0,5.0,62.0,285.0,20.0,20.0,285.0
-118.01044636488288,34.64409674888315,170.0,128,40,6466.0,343.0,28.0,314.0,95.0,254.0,264.0,87.0,207.0,42.0,1.0,86.0,123.0,5.0,10.0,115.0
-122.59581791091344,41.55796720587496,95.0,120,37,6773.0,285.0,-35.0,320.0,9.0,197.0,197.0,9.0,648.0,126.0,7.0,80.0,378.0,27.0,27.0,378.0
-119.7624054571572,37.04531879309676,184.0,126,39,6469.0,363.0,46.0,317.0,111.0,278.0,278.0,101.0,467.0,90.0,1.0,86.0,261.0,3.0,3.0,254.0
-120.49822617566386,40.20457450670069,71.0,122,35,7522.0,270.0,-76.0,346.0,-25.0,183.0,183.0,-25.0,563.0,103.0,8.0,66.0,297.0,26.0,26.0,297.0
-120.19590491418325,37.5489408439624,162.0,123,40,6174.0,336.0,29.0,306.0,107.0,251.0,251.0,82.0,640.0,111.0,1.0,80.0,325.0,5.0,5.0,317.0
-122.18768038225593,38.05033159212037,156.0,101,44,4164.0,280.0,54.0,226.0,96.0,210.0,210.0,96.0,519.0,113.0,0.0,88.0,317.0,4.0,4.0,317.0
-122.37612364078211,40.30348771689033,166.0,122,36,7208.0,361.0,27.0,333.0,72.0,271.0,271.0,72.0,753.0,148.0,3.0,77.0,421.0,17.0,17.0,421.0
-116.32304895837417,34.07626961211752,150.0,134,40,6847.0,331.0,0.0,331.0,60.0,203.0,249.0,60.0,158.0,30.0,0.0,68.0,85.0,3.0,28.0,85.0
-121.73069101233594,38.74334624828875,174.0,122,41,5811.0,343.0,48.0,295.0,95.0,254.0,254.0,95.0,465.0,98.0,1.0,89.0,280.0,3.0,3.0,280.0
-119.65368436303793,37.490095476568584,100.0,123,39,6495.0,278.0,-36.0,314.0,23.0,196.0,196.0,18.0,968.0,197.0,2.0,86.0,557.0,8.0,8.0,543.0
-116.91149410151242,33.438036919761196,166.0,123,43,5434.0,319.0,37.0,281.0,98.0,208.0,246.0,96.0,365.0,70.0,2.0,84.0,207.0,11.0,20.0,205.0
-120.4572262651939,39.85986170479657,87.0,123,35,7488.0,285.0,-60.0,346.0,-9.0,198.0,198.0,-9.0,755.0,147.0,9.0,73.0,414.0,32.0,32.0,414.0
-120.27282075144834,38.340341551899286,92.0,122,38,6412.0,270.0,-42.0,312.0,10.0,186.0,186.0,10.0,1240.0,245.0,5.0,79.0,687.0,19.0,19.0,687.0
-116.43805293611948,33.66980117151931,189.0,133,41,6488.0,364.0,43.0,321.0,104.0,236.0,283.0,104.0,176.0,35.0,1.0,73.0,98.0,5.0,26.0,98.0
-120.86778492499108,40.25757316140247,71.0,123,36,7322.0,268.0,-71.0,340.0,-22.0,180.0,180.0,-22.0,848.0,151.0,7.0,71.0,435.0,23.0,23.0,435.0
-116.36014950463994,32.63422341797067,146.0,128,45,5338.0,301.0,19.0,282.0,85.0,179.0,225.0,78.0,402.0,81.0,3.0,78.0,218.0,15.0,45.0,208.0
-121.26571205050365,36.986559352200544,136.0,117,46,4408.0,276.0,23.0,252.0,85.0,192.0,196.0,74.0,395.0,74.0,1.0,85.0,213.0,4.0,5.0,204.0
-121.71300953300201,40.33226720596237,107.0,122,36,7181.0,301.0,-32.0,333.0,14.0,212.0,212.0,14.0,1072.0,175.0,5.0,68.0,514.0,31.0,31.0,514.0
-121.29141833275531,40.29585849582459,94.0,122,36,7278.0,290.0,-47.0,337.0,0.0,201.0,201.0,0.0,877.0,183.0,4.0,81.0,516.0,18.0,18.0,516.0
-118.44654050977526,35.39059637511048,134.0,128,39,6941.0,316.0,-10.0,326.0,71.0,226.0,236.0,46.0,270.0,50.0,1.0,77.0,146.0,6.0,12.0,127.0
-119.07032344614086,34.54915328626232,135.0,114,43,5138.0,280.0,18.0,261.0,76.0,201.0,210.0,70.0,412.0,91.0,0.0,96.0,267.0,2.0,3.0,237.0
-120.99816084368102,37.421946589989005,173.0,123,43,5204.0,331.0,50.0,281.0,114.0,240.0,245.0,102.0,307.0,58.0,1.0,83.0,164.0,4.0,5.0,162.0
-120.88568760107273,37.70725207832482,176.0,124,42,5484.0,338.0,50.0,288.0,101.0,247.0,252.0,101.0,355.0,67.0,1.0,83.0,191.0,4.0,5.0,191.0
-120.16928005481921,37.921528222160944,133.0,122,39,6339.0,309.0,0.0,309.0,52.0,226.0,226.0,52.0,1017.0,200.0,2.0,82.0,567.0,10.0,10.0,567.0
-123.9842612255412,40.86054483491387,136.0,76,40,3944.0,247.0,58.0,188.0,87.0,195.0,195.0,87.0,1097.0,205.0,3.0,76.0,586.0,24.0,24.0,586.0
-117.84757116892118,34.43201639816167,138.0,127,41,6121.0,304.0,0.0,303.0,59.0,217.0,227.0,59.0,401.0,86.0,1.0,93.0,247.0,5.0,10.0,247.0
-119.3717758330289,34.544021661378885,106.0,109,44,4740.0,242.0,-3.0,245.0,51.0,172.0,175.0,46.0,535.0,122.0,1.0,99.0,365.0,3.0,3.0,315.0
-118.64230023564494,35.370083434000115,163.0,129,39,6856.0,344.0,18.0,325.0,104.0,254.0,263.0,76.0,260.0,48.0,1.0,76.0,139.0,5.0,9.0,119.0
-122.88027526383456,39.220234683128865,116.0,108,41,5231.0,268.0,5.0,263.0,47.0,188.0,190.0,47.0,1107.0,212.0,1.0,86.0,630.0,13.0,13.0,630.0
-122.8642286031916,39.87465775393324,94.0,117,40,5958.0,266.0,-27.0,293.0,16.0,180.0,180.0,16.0,835.0,175.0,2.0,85.0,494.0,12.0,12.0,494.0
-123.29043995808146,41.46464451508824,100.0,110,39,5844.0,267.0,-14.0,282.0,26.0,177.0,188.0,26.0,957.0,183.0,4.0,82.0,547.0,21.0,29.0,547.0
-121.45721841512142,41.323225966881836,95.0,120,35,7505.0,297.0,-45.0,342.0,0.0,209.0,209.0,0.0,502.0,75.0,5.0,58.0,226.0,22.0,22.0,226.0
-118.08216340227968,34.727905361186316,174.0,129,40,6589.0,348.0,30.0,318.0,98.0,241.0,269.0,89.0,179.0,36.0,1.0,85.0,105.0,5.0,10.0,98.0
-117.60722547673858,34.85917701640798,171.0,130,38,7103.0,354.0,20.0,334.0,88.0,227.0,273.0,78.0,129.0,24.0,1.0,72.0,70.0,5.0,14.0,65.0
-116.70793202732544,33.320068362250716,156.0,127,44,5563.0,313.0,24.0,288.0,92.0,191.0,237.0,84.0,365.0,71.0,2.0,80.0,199.0,14.0,29.0,193.0
-122.22649952856648,38.862452974174666,158.0,118,41,5644.0,322.0,35.0,286.0,81.0,236.0,236.0,81.0,512.0,119.0,1.0,94.0,334.0,5.0,5.0,334.0
-119.67339563394391,37.447867003364706,112.0,123,39,6468.0,289.0,-23.0,313.0,36.0,208.0,208.0,30.0,1007.0,205.0,2.0,85.0,565.0,9.0,9.0,559.0
-119.74565062408246,37.40963942770744,147.0,123,39,6548.0,326.0,9.0,316.0,71.0,243.0,243.0,64.0,822.0,166.0,1.0,86.0,468.0,6.0,6.0,457.0
-121.07339580733274,39.92553489856965,112.0,123,36,7224.0,307.0,-29.0,337.0,19.0,218.0,218.0,19.0,981.0,206.0,3.0,83.0,577.0,13.0,13.0,577.0
-118.66330867346176,35.58785465256488,125.0,128,39,6836.0,305.0,-17.0,323.0,54.0,215.0,225.0,38.0,415.0,76.0,1.0,81.0,222.0,5.0,10.0,208.0
-123.65570861049788,41.04412142032027,115.0,98,40,5042.0,260.0,15.0,244.0,53.0,181.0,191.0,52.0,1523.0,296.0,4.0,82.0,841.0,28.0,34.0,841.0
-121.72405707330118,37.32330400352856,128.0,99,46,3691.0,244.0,31.0,212.0,79.0,173.0,177.0,75.0,572.0,109.0,1.0,85.0,310.0,5.0,6.0,308.0
-122.09862549064091,39.78788771982061,177.0,122,37,6970.0,368.0,40.0,327.0,86.0,277.0,277.0,86.0,593.0,124.0,1.0,84.0,352.0,9.0,9.0,352.0
-122.69651967625339,38.209026266902455,149.0,87,43,3752.0,258.0,59.0,198.0,96.0,198.0,198.0,96.0,724.0,170.0,1.0,93.0,470.0,6.0,6.0,470.0
-121.39128108649797,39.061203236757734,180.0,123,39,6437.0,360.0,47.0,313.0,94.0,271.0,271.0,94.0,654.0,135.0,1.0,85.0,381.0,5.0,5.0,381.0
-115.87621520239693,34.74911493537623,197.0,131,36,7893.0,389.0,31.0,357.0,308.0,263.0,308.0,91.0,160.0,22.0,2.0,47.0,64.0,8.0,64.0,54.0
-121.68775057068743,41.468729250270094,80.0,120,35,7305.0,280.0,-57.0,337.0,-11.0,191.0,191.0,-11.0,654.0,105.0,6.0,65.0,313.0,32.0,32.0,313.0
-122.26770784084884,37.87903346681016,144.0,92,45,3689.0,254.0,52.0,202.0,91.0,190.0,192.0,91.0,670.0,137.0,1.0,87.0,388.0,7.0,7.0,388.0
-121.86387661677803,38.586976786253196,170.0,120,42,5526.0,332.0,47.0,285.0,94.0,245.0,245.0,94.0,489.0,107.0,0.0,91.0,298.0,2.0,2.0,298.0
-121.99231971694334,39.430454266275596,179.0,123,38,6672.0,364.0,45.0,320.0,90.0,273.0,273.0,90.0,523.0,105.0,1.0,83.0,303.0,5.0,5.0,303.0
-119.6740547465688,37.29228152044718,138.0,124,39,6503.0,316.0,1.0,315.0,57.0,234.0,234.0,56.0,886.0,181.0,1.0,84.0,502.0,6.0,6.0,500.0
-122.4639057406103,38.29507380680993,153.0,99,43,4278.0,279.0,52.0,226.0,93.0,210.0,210.0,93.0,693.0,157.0,1.0,94.0,440.0,5.0,5.0,440.0
-115.68582762151937,34.03602647145135,203.0,133,38,7376.0,390.0,45.0,344.0,260.0,262.0,309.0,106.0,96.0,15.0,1.0,53.0,40.0,3.0,39.0,38.0
-122.36258550516524,38.397353952930374,158.0,105,43,4634.0,295.0,50.0,244.0,93.0,220.0,220.0,93.0,602.0,144.0,1.0,95.0,396.0,5.0,5.0,396.0
-115.46711320706208,33.43615485307685,210.0,134,39,7067.0,393.0,57.0,336.0,304.0,265.0,312.0,117.0,74.0,12.0,0.0,57.0,30.0,2.0,30.0,28.0
-115.11524082557085,35.17293848521825,175.0,127,35,8142.0,366.0,7.0,359.0,289.0,246.0,289.0,66.0,192.0,27.0,2.0,48.0,78.0,9.0,78.0,60.0
-123.39247487422358,41.265987911806306,107.0,108,39,5645.0,269.0,-3.0,273.0,36.0,181.0,192.0,36.0,1114.0,215.0,4.0,82.0,640.0,22.0,30.0,640.0
-117.59554874845159,34.92952317983434,176.0,129,38,7242.0,361.0,23.0,337.0,91.0,233.0,280.0,81.0,130.0,24.0,1.0,75.0,72.0,4.0,13.0,66.0
-116.64839373862097,33.18524635670652,133.0,127,44,5406.0,288.0,4.0,283.0,66.0,173.0,212.0,63.0,594.0,110.0,3.0,80.0,315.0,21.0,39.0,315.0
-122.64895842800087,39.96059159646853,131.0,120,38,6502.0,313.0,1.0,312.0,46.0,225.0,225.0,46.0,723.0,161.0,2.0,89.0,450.0,10.0,10.0,450.0
-121.92095125445486,37.57525387701938,144.0,96,46,3667.0,257.0,50.0,207.0,91.0,192.0,192.0,91.0,527.0,103.0,1.0,86.0,299.0,5.0,5.0,299.0
-122.38638618516309,40.02321669664852,167.0,121,37,6974.0,358.0,31.0,326.0,76.0,268.0,268.0,76.0,609.0,125.0,3.0,82.0,354.0,11.0,11.0,354.0
-116.60286244432176,33.00225567254637,124.0,126,45,5258.0,277.0,0.0,278.0,76.0,189.0,202.0,57.0,686.0,125.0,4.0,80.0,367.0,23.0,41.0,350.0
-123.51575170769229,39.32394418332315,138.0,77,40,3880.0,246.0,56.0,190.0,87.0,187.0,193.0,87.0,1130.0,223.0,2.0,86.0,651.0,11.0,18.0,651.0
-115.16277250534237,34.93994380378772,198.0,128,35,8117.0,389.0,30.0,359.0,311.0,268.0,311.0,89.0,188.0,28.0,2.0,49.0,77.0,10.0,77.0,56.0
-118.79815562365263,35.357275215894795,195.0,129,39,6839.0,376.0,50.0,326.0,137.0,285.0,295.0,108.0,232.0,42.0,1.0,75.0,121.0,5.0,6.0,104.0
-120.76012490939983,39.935698437514795,86.0,124,36,7258.0,281.0,-57.0,339.0,-7.0,192.0,192.0,-7.0,1279.0,255.0,7.0,77.0,709.0,27.0,27.0,709.0
-121.77599103216329,38.93105370348551,177.0,123,40,6098.0,352.0,48.0,304.0,95.0,262.0,262.0,95.0,459.0,93.0,1.0,86.0,269.0,3.0,3.0,269.0
-118.1058837145375,35.263398208875344,151.0,128,38,7182.0,335.0,2.0,333.0,67.0,227.0,255.0,58.0,181.0,34.0,1.0,82.0,100.0,5.0,10.0,96.0
-122.19269760660889,40.319351012773296,171.0,122,35,7392.0,369.0,30.0,339.0,76.0,280.0,280.0,76.0,754.0,141.0,3.0,76.0,408.0,16.0,16.0,408.0
-116.47288633558391,33.39751016242387,181.0,132,42,6048.0,349.0,41.0,307.0,103.0,222.0,270.0,103.0,197.0,37.0,1.0,72.0,104.0,6.0,25.0,104.0
-116.96850342308662,33.38546260636157,136.0,119,44,5153.0,283.0,13.0,269.0,75.0,199.0,212.0,70.0,487.0,92.0,2.0,82.0,270.0,14.0,26.0,258.0
-118.34636903168153,35.60523012730324,138.0,126,38,7179.0,323.0,-8.0,331.0,47.0,234.0,243.0,47.0,387.0,81.0,2.0,86.0,228.0,7.0,13.0,228.0
-120.33670921263892,38.45553975307896,108.0,122,38,6462.0,287.0,-26.0,314.0,25.0,203.0,203.0,25.0,1065.0,208.0,4.0,79.0,588.0,16.0,16.0,588.0
-122.84681180123161,38.26358152286016,149.0,81,43,3549.0,250.0,64.0,186.0,99.0,196.0,196.0,99.0,865.0,187.0,1.0,89.0,527.0,7.0,7.0,527.0
-122.66975107290092,38.459619121732054,150.0,97,42,4337.0,277.0,50.0,226.0,90.0,209.0,209.0,90.0,919.0,196.0,1.0,90.0,563.0,8.0,8.0,563.0
-117.29968959754434,34.1728328931865,182.0,129,41,6304.0,351.0,39.0,311.0,110.0,262.0,274.0,100.0,557.0,113.0,3.0,87.0,334.0,10.0,15.0,291.0
-116.82560990569496,33.14226902101908,156.0,120,44,5120.0,304.0,34.0,270.0,111.0,219.0,232.0,91.0,541.0,101.0,3.0,83.0,301.0,14.0,26.0,271.0
-118.70924598285208,36.1445625112725,148.0,124,37,7095.0,332.0,4.0,327.0,61.0,252.0,253.0,58.0,649.0,119.0,1.0,85.0,352.0,7.0,7.0,351.0
-118.57908574691902,34.93300094520629,120.0,128,41,6273.0,291.0,-16.0,308.0,47.0,202.0,211.0,40.0,277.0,55.0,1.0,86.0,165.0,4.0,7.0,146.0
-116.57947100948952,33.43888434789695,150.0,131,43,5884.0,315.0,13.0,301.0,74.0,190.0,236.0,74.0,257.0,50.0,1.0,76.0,141.0,7.0,27.0,141.0
-120.88673245253449,37.65265090441354,176.0,124,42,5456.0,338.0,50.0,288.0,102.0,246.0,252.0,102.0,342.0,65.0,1.0,83.0,184.0,4.0,5.0,184.0
-117.27112544669546,33.79917804623147,176.0,122,42,5590.0,329.0,45.0,284.0,112.0,245.0,258.0,104.0,323.0,71.0,1.0,92.0,201.0,6.0,8.0,194.0
-123.19121299498325,41.04094340789757,71.0,114,39,5885.0,241.0,-46.0,287.0,-3.0,149.0,158.0,-3.0,1237.0,239.0,5.0,83.0,714.0,27.0,37.0,714.0
-121.41570670037991,41.25305885097509,90.0,120,35,7485.0,292.0,-50.0,342.0,-4.0,203.0,203.0,-4.0,605.0,90.0,6.0,58.0,269.0,27.0,27.0,269.0
-119.9605679778918,37.774094154556295,120.0,122,39,6393.0,296.0,-14.0,310.0,39.0,214.0,214.0,39.0,1025.0,188.0,3.0,80.0,535.0,11.0,11.0,535.0
-114.98744436982578,34.99670576881667,202.0,127,35,8182.0,393.0,33.0,360.0,258.0,273.0,316.0,93.0,163.0,23.0,2.0,49.0,63.0,8.0,62.0,53.0
-120.19520951920369,39.447218813644355,75.0,123,36,7352.0,269.0,-73.0,343.0,-19.0,183.0,184.0,-19.0,794.0,168.0,8.0,81.0,475.0,30.0,30.0,475.0
-120.3791480546941,37.63640766635736,177.0,124,40,6057.0,349.0,45.0,303.0,98.0,264.0,264.0,98.0,569.0,109.0,1.0,85.0,315.0,4.0,4.0,315.0
-120.67215713778407,35.33392461451166,146.0,104,46,4005.0,267.0,43.0,224.0,97.0,202.0,202.0,91.0,573.0,126.0,1.0,95.0,357.0,3.0,3.0,349.0
-121.34384516431882,40.26722368423031,87.0,122,36,7167.0,281.0,-52.0,334.0,-4.0,192.0,192.0,-4.0,995.0,201.0,4.0,77.0,566.0,22.0,22.0,566.0
-121.2518361563484,40.63830586416803,81.0,122,35,7363.0,278.0,-61.0,339.0,-13.0,190.0,190.0,-13.0,585.0,98.0,5.0,64.0,284.0,20.0,20.0,284.0
-122.72237483432339,40.529166478824756,111.0,121,38,6668.0,298.0,-18.0,317.0,25.0,200.0,209.0,25.0,1127.0,232.0,3.0,87.0,672.0,22.0,24.0,672.0
-123.0905909583491,40.47654385943187,105.0,117,39,6089.0,280.0,-15.0,295.0,27.0,185.0,195.0,27.0,997.0,181.0,4.0,76.0,531.0,24.0,28.0,531.0
-123.78273314520341,41.10852414483971,117.0,91,40,4670.0,250.0,24.0,225.0,58.0,177.0,186.0,58.0,1328.0,257.0,4.0,82.0,763.0,26.0,27.0,763.0
-122.66179968837424,39.142124597384246,119.0,114,41,5523.0,280.0,1.0,279.0,45.0,196.0,196.0,45.0,923.0,199.0,1.0,92.0,578.0,8.0,8.0,578.0
-121.90242100148286,38.21961594153559,164.0,113,43,4853.0,309.0,50.0,259.0,96.0,229.0,229.0,96.0,478.0,100.0,0.0,89.0,283.0,2.0,2.0,283.0
-122.23798256368171,38.3953449977615,136.0,109,43,4723.0,276.0,26.0,250.0,70.0,199.0,199.0,70.0,749.0,160.0,1.0,90.0,451.0,6.0,6.0,451.0
-122.94925365594347,39.64213739658068,83.0,113,40,5579.0,246.0,-32.0,278.0,10.0,163.0,163.0,10.0,943.0,211.0,1.0,87.0,585.0,12.0,12.0,585.0
-117.83407842507316,34.261624679798096,152.0,124,42,5855.0,311.0,18.0,293.0,84.0,226.0,237.0,76.0,489.0,103.0,1.0,90.0,304.0,6.0,9.0,272.0
-121.72016431589442,38.511204166224545,171.0,120,42,5493.0,333.0,48.0,284.0,95.0,246.0,246.0,95.0,462.0,100.0,0.0,90.0,280.0,2.0,2.0,280.0
-121.4252405007469,37.3219534421342,115.0,112,46,4244.0,249.0,6.0,242.0,65.0,168.0,172.0,55.0,463.0,84.0,1.0,85.0,248.0,4.0,6.0,239.0
-122.15898476687755,39.77076825931542,176.0,122,37,6944.0,366.0,40.0,326.0,85.0,276.0,276.0,85.0,578.0,119.0,1.0,83.0,338.0,9.0,9.0,338.0
-122.01418631019841,41.48562251930013,56.0,121,36,7016.0,252.0,-78.0,330.0,-32.0,162.0,162.0,-32.0,958.0,167.0,8.0,71.0,491.0,33.0,33.0,491.0
-119.96620550410644,37.7587280053888,120.0,122,39,6393.0,296.0,-14.0,310.0,39.0,214.0,214.0,39.0,1025.0,188.0,3.0,80.0,535.0,11.0,11.0,535.0
-121.68214633304805,39.03538770531899,178.0,123,39,6250.0,356.0,48.0,308.0,95.0,266.0,266.0,95.0,478.0,97.0,1.0,85.0,280.0,3.0,3.0,280.0
-121.5621597701328,38.70415916571128,176.0,123,41,5859.0,346.0,49.0,297.0,97.0,257.0,257.0,97.0,469.0,98.0,1.0,87.0,278.0,3.0,3.0,278.0
-121.62344283217425,41.49720752491468,77.0,120,35,7313.0,277.0,-59.0,337.0,-14.0,189.0,189.0,-14.0,616.0,96.0,7.0,62.0,284.0,34.0,34.0,284.0
-122.33500921978613,38.680047220039405,152.0,113,42,5211.0,305.0,36.0,268.0,80.0,223.0,223.0,80.0,698.0,154.0,1.0,91.0,431.0,5.0,5.0,431.0
-120.2393297193788,37.94915391180335,148.0,122,39,6354.0,324.0,13.0,310.0,66.0,241.0,241.0,66.0,883.0,180.0,1.0,84.0,508.0,8.0,8.0,508.0
-119.20521194088468,36.72328028241323,162.0,124,38,6855.0,344.0,21.0,323.0,86.0,263.0,263.0,75.0,637.0,120.0,1.0,81.0,338.0,3.0,3.0,331.0
-121.73868046781534,38.02654364938105,164.0,114,44,4722.0,307.0,51.0,256.0,97.0,227.0,227.0,97.0,371.0,77.0,1.0,86.0,219.0,3.0,3.0,219.0
-123.05371802230988,41.75495887822954,101.0,114,38,6126.0,276.0,-17.0,294.0,24.0,181.0,193.0,24.0,719.0,134.0,8.0,74.0,399.0,34.0,37.0,399.0
-122.78282615310731,40.73028013808709,117.0,120,37,6722.0,305.0,-13.0,318.0,31.0,216.0,217.0,31.0,941.0,165.0,5.0,71.0,481.0,31.0,31.0,481.0
-122.07755071329568,38.63554463703801,161.0,117,42,5413.0,320.0,40.0,279.0,86.0,235.0,235.0,86.0,534.0,131.0,1.0,98.0,361.0,5.0,5.0,361.0
-122.3751322506276,39.05581608055998,148.0,119,40,5836.0,316.0,23.0,293.0,69.0,229.0,229.0,69.0,599.0,126.0,1.0,88.0,360.0,5.0,5.0,360.0
-114.35093908318923,34.281786324212526,213.0,127,36,7847.0,397.0,47.0,349.0,215.0,282.0,322.0,109.0,137.0,21.0,1.0,55.0,56.0,4.0,52.0,54.0
-123.19087381562791,39.277004898611885,143.0,95,40,4730.0,277.0,42.0,235.0,80.0,204.0,210.0,80.0,1017.0,197.0,1.0,87.0,584.0,10.0,11.0,584.0
-121.79945009036662,37.71172005611591,145.0,106,45,4139.0,273.0,41.0,231.0,86.0,197.0,200.0,86.0,449.0,92.0,1.0,88.0,265.0,5.0,5.0,265.0
-121.86990723486505,41.49796704096467,75.0,121,36,7209.0,273.0,-61.0,335.0,-15.0,184.0,184.0,-15.0,799.0,135.0,6.0,71.0,404.0,29.0,29.0,404.0
-118.65060844583176,35.97165960210341,94.0,125,38,6843.0,273.0,-47.0,321.0,9.0,185.0,194.0,7.0,710.0,138.0,2.0,87.0,402.0,9.0,11.0,401.0
-120.43635980794457,38.35695653615596,132.0,122,39,6400.0,310.0,-1.0,312.0,50.0,225.0,225.0,50.0,960.0,183.0,3.0,79.0,519.0,13.0,13.0,519.0
-119.42425770160878,34.87192103977072,125.0,121,43,5303.0,278.0,2.0,276.0,70.0,194.0,202.0,57.0,317.0,65.0,1.0,86.0,187.0,4.0,5.0,144.0
-122.92638615065454,41.589758923604336,100.0,116,38,6354.0,280.0,-22.0,303.0,20.0,184.0,196.0,20.0,694.0,133.0,8.0,77.0,397.0,33.0,34.0,397.0
-123.00996982949823,40.00260613289986,66.0,116,40,5752.0,234.0,-51.0,286.0,-8.0,142.0,149.0,-8.0,1076.0,188.0,3.0,77.0,552.0,22.0,25.0,552.0
-122.9298524208935,41.24317266325838,50.0,117,39,6156.0,228.0,-71.0,299.0,-27.0,132.0,142.0,-27.0,945.0,173.0,7.0,76.0,515.0,33.0,42.0,515.0
-117.70908808668463,34.26653643921881,127.0,126,42,5897.0,289.0,-7.0,296.0,59.0,202.0,213.0,51.0,576.0,119.0,2.0,88.0,353.0,8.0,12.0,303.0
-116.74738165720609,33.462367621351596,133.0,128,43,5661.0,293.0,0.0,292.0,67.0,170.0,216.0,60.0,497.0,93.0,2.0,77.0,262.0,17.0,45.0,259.0
-121.90699853678788,41.55077690400874,77.0,121,36,7195.0,275.0,-58.0,334.0,-13.0,186.0,186.0,-13.0,550.0,80.0,7.0,54.0,239.0,30.0,30.0,239.0
-120.09190810560773,39.42244491592861,86.0,123,35,7508.0,282.0,-65.0,347.0,-10.0,197.0,197.0,-10.0,621.0,122.0,9.0,74.0,346.0,31.0,31.0,346.0
-123.43975645109576,40.481463608795835,104.0,108,40,5434.0,262.0,-4.0,267.0,35.0,175.0,184.0,35.0,1301.0,266.0,2.0,88.0,790.0,14.0,20.0,790.0
-122.66997291014991,40.19688252841612,146.0,121,37,6718.0,333.0,15.0,318.0,59.0,244.0,244.0,59.0,747.0,154.0,3.0,81.0,432.0,16.0,16.0,432.0
-122.64645642984881,39.283216606363766,115.0,116,40,5674.0,280.0,-4.0,284.0,39.0,195.0,195.0,39.0,879.0,199.0,1.0,95.0,572.0,8.0,8.0,572.0
-119.08296365764612,34.89287408594647,118.0,125,42,5745.0,280.0,-11.0,291.0,51.0,193.0,202.0,45.0,368.0,68.0,1.0,83.0,203.0,4.0,6.0,184.0
-118.20727980184384,34.55574954191162,149.0,126,41,6096.0,315.0,13.0,301.0,76.0,228.0,237.0,71.0,289.0,67.0,1.0,96.0,185.0,3.0,7.0,183.0
-115.55859444243295,33.71063907336045,200.0,133,39,7175.0,384.0,45.0,338.0,279.0,257.0,303.0,106.0,95.0,16.0,1.0,57.0,41.0,3.0,41.0,36.0
-116.64021227329673,32.54552763589233,169.0,116,45,4768.0,309.0,53.0,255.0,118.0,223.0,239.0,109.0,334.0,67.0,2.0,86.0,191.0,10.0,17.0,179.0
-121.32326152643141,39.89176956548956,107.0,123,37,7006.0,299.0,-30.0,329.0,17.0,209.0,209.0,17.0,1247.0,248.0,3.0,79.0,699.0,16.0,16.0,699.0
-121.02107045714362,37.5187140635899,173.0,123,43,5191.0,329.0,50.0,280.0,114.0,240.0,244.0,101.0,314.0,58.0,1.0,82.0,164.0,4.0,5.0,163.0
-117.24265059441191,34.59754318063808,170.0,131,39,6991.0,352.0,18.0,333.0,89.0,224.0,270.0,78.0,177.0,30.0,2.0,65.0,89.0,9.0,21.0,82.0
-118.36649439875805,34.31599934986435,167.0,119,43,5465.0,317.0,42.0,275.0,104.0,237.0,247.0,98.0,396.0,84.0,1.0,91.0,251.0,3.0,7.0,215.0
-116.53050385277942,34.30402934775023,157.0,133,39,7029.0,340.0,3.0,336.0,64.0,212.0,258.0,64.0,248.0,48.0,1.0,78.0,142.0,5.0,29.0,142.0
-121.9093505078734,39.087700101248004,177.0,123,39,6282.0,356.0,46.0,309.0,93.0,265.0,265.0,93.0,449.0,87.0,1.0,84.0,256.0,3.0,3.0,256.0
-123.88615283457565,40.67834349830054,101.0,83,41,4154.0,220.0,17.0,202.0,49.0,160.0,162.0,49.0,1533.0,289.0,3.0,79.0,848.0,29.0,29.0,848.0
-120.25745729042518,39.71033192275284,100.0,123,35,7645.0,299.0,-51.0,351.0,1.0,213.0,213.0,1.0,495.0,89.0,9.0,66.0,253.0,29.0,29.0,253.0
-121.00856469235703,38.61718102413376,170.0,122,40,6155.0,345.0,39.0,305.0,88.0,257.0,257.0,88.0,720.0,138.0,2.0,81.0,398.0,8.0,8.0,398.0
-115.94462903834074,34.69900454918838,206.0,131,36,7911.0,399.0,41.0,358.0,318.0,272.0,318.0,101.0,142.0,20.0,1.0,47.0,57.0,7.0,57.0,45.0
-122.60836897191935,40.83484925205077,110.0,121,37,6905.0,302.0,-23.0,325.0,22.0,212.0,213.0,22.0,1318.0,255.0,5.0,82.0,740.0,29.0,29.0,740.0
-121.04028859799266,40.33269576029377,87.0,123,35,7362.0,285.0,-55.0,341.0,-6.0,196.0,196.0,-6.0,728.0,131.0,5.0,70.0,374.0,20.0,20.0,374.0
