Longitude,Latitude,bio_1,bio_2,bio_3,bio_4,bio_5,bio_6,bio_7,bio_8,bio_9,bio_10,bio_11,bio_12,bio_13,bio_14,bio_15,bio_16,bio_17,bio_18,bio_19,presence
-120.017764897,41.1721444026,104.0,116,32,8215.0,314.0,-46.0,360.0,9.0,228.0,228.0,-1.0,199.0,24.0,5.0,38.0,71.0,17.0,17.0,71.0,1
-120.169579557,40.1072927486,113.0,121,33,8008.0,318.0,-41.0,360.0,9.0,232.0,232.0,9.0,264.0,47.0,5.0,59.0,134.0,17.0,17.0,134.0,1
-120.044052425,39.9562182122,95.0,122,34,7902.0,298.0,-59.0,357.0,-7.0,212.0,212.0,-7.0,286.0,53.0,6.0,61.0,150.0,19.0,19.0,150.0,1
-121.401983729,39.1380209946,179.0,123,38,6535.0,362.0,46.0,316.0,93.0,272.0,272.0,93.0,707.0,141.0,1.0,84.0,401.0,5.0,5.0,401.0,1
-122.046261917,38.8158364686,165.0,120,41,5716.0,331.0,41.0,290.0,88.0,244.0,244.0,88.0,501.0,112.0,1.0,94.0,319.0,5.0,5.0,319.0,1
-121.308197195,38.9109585822,179.0,123,39,6282.0,356.0,47.0,309.0,95.0,267.0,267.0,95.0,632.0,128.0,1.0,84.0,364.0,5.0,5.0,364.0,1
-121.507555722,38.8671494715,178.0,123,40,6107.0,353.0,49.0,304.0,96.0,263.0,263.0,96.0,518.0,108.0,1.0,86.0,307.0,4.0,4.0,307.0,1
-121.511002227,38.7556615888,178.0,123,40,5999.0,350.0,49.0,301.0,97.0,261.0,261.0,97.0,495.0,102.0,1.0,86.0,291.0,4.0,4.0,291.0,1
-121.361486187,38.7538509851,178.0,123,40,6104.0,352.0,48.0,304.0,96.0,263.0,263.0,96.0,553.0,114.0,1.0,85.0,323.0,5.0,5.0,323.0,1
-121.558422672,38.6470727183,176.0,122,41,5802.0,344.0,49.0,295.0,97.0,255.0,255.0,97.0,460.0,96.0,1.0,87.0,273.0,3.0,3.0,273.0,1
-121.769846647,38.5987066375,172.0,120,41,5591.0,335.0,48.0,287.0,95.0,248.0,248.0,95.0,465.0,100.0,0.0,90.0,282.0,2.0,2.0,282.0,1
-121.615401314,38.5333480879,173.0,121,42,5595.0,338.0,49.0,288.0,97.0,250.0,250.0,97.0,444.0,94.0,1.0,88.0,265.0,3.0,3.0,265.0,1
-121.340857685,38.5800534306,177.0,123,41,5855.0,346.0,49.0,297.0,97.0,258.0,258.0,97.0,484.0,99.0,1.0,85.0,281.0,5.0,5.0,281.0,1
-121.607512712,38.4389531518,172.0,121,42,5478.0,334.0,49.0,285.0,97.0,247.0,247.0,97.0,440.0,93.0,1.0,88.0,263.0,3.0,3.0,263.0,1
-121.481280801,38.462440453,175.0,122,42,5646.0,340.0,49.0,290.0,98.0,252.0,252.0,98.0,445.0,92.0,1.0,87.0,261.0,3.0,3.0,261.0,1
-121.161877987,38.503569465,178.0,123,40,5989.0,350.0,49.0,301.0,98.0,262.0,262.0,98.0,559.0,115.0,1.0,85.0,329.0,5.0,5.0,329.0,1
-121.276184152,38.4258058635,176.0,123,41,5781.0,344.0,49.0,295.0,98.0,257.0,257.0,98.0,493.0,101.0,1.0,86.0,288.0,3.0,3.0,288.0,1
-121.849253623,38.2749205251,166.0,115,43,4969.0,314.0,50.0,264.0,96.0,232.0,232.0,96.0,475.0,103.0,0.0,90.0,290.0,2.0,2.0,290.0,1
-121.653540518,38.2641791116,169.0,119,43,5194.0,324.0,49.0,275.0,97.0,240.0,240.0,97.0,429.0,90.0,1.0,88.0,256.0,3.0,3.0,256.0,1
-121.361889593,38.3084220528,175.0,122,42,5553.0,338.0,50.0,288.0,99.0,251.0,251.0,99.0,450.0,92.0,1.0,86.0,261.0,3.0,3.0,261.0,1
-120.517642197,38.4195267745,134.0,122,39,6382.0,312.0,0.0,311.0,51.0,227.0,227.0,51.0,1060.0,216.0,3.0,83.0,614.0,12.0,12.0,614.0,1
-119.475424376,38.551645111,107.0,122,34,7694.0,302.0,-47.0,349.0,9.0,216.0,222.0,9.0,275.0,47.0,8.0,58.0,132.0,25.0,25.0,132.0,1
-121.385384514,38.1314091133,172.0,121,43,5303.0,330.0,50.0,280.0,99.0,244.0,244.0,99.0,412.0,83.0,1.0,85.0,235.0,3.0,3.0,235.0,1
-121.249216084,38.1077624806,174.0,122,42,5447.0,335.0,50.0,285.0,99.0,249.0,249.0,99.0,421.0,84.0,1.0,85.0,239.0,3.0,3.0,239.0,1
-121.746379581,37.9475969072,161.0,112,44,4593.0,301.0,49.0,251.0,96.0,222.0,222.0,96.0,347.0,75.0,1.0,90.0,215.0,3.0,3.0,215.0,1
-121.371668484,37.9495083521,170.0,120,43,5100.0,324.0,50.0,274.0,99.0,239.0,239.0,99.0,348.0,70.0,1.0,84.0,196.0,3.0,3.0,196.0,1
-121.127466453,37.9539563995,174.0,122,43,5371.0,333.0,50.0,283.0,100.0,248.0,248.0,100.0,360.0,70.0,1.0,83.0,200.0,3.0,3.0,200.0,1
-121.23787777,37.8765951526,172.0,121,43,5219.0,328.0,50.0,278.0,100.0,243.0,243.0,100.0,336.0,66.0,1.0,83.0,186.0,3.0,3.0,186.0,1
-120.884936971,37.9245873435,177.0,123,41,5686.0,343.0,49.0,293.0,100.0,254.0,257.0,100.0,428.0,83.0,1.0,83.0,238.0,5.0,5.0,238.0,1
-121.148531701,37.7687128961,172.0,122,43,5208.0,328.0,50.0,278.0,100.0,243.0,243.0,100.0,325.0,61.0,1.0,81.0,173.0,3.0,3.0,173.0,1
-120.855404138,37.8212820587,177.0,123,42,5633.0,341.0,49.0,292.0,101.0,250.0,255.0,101.0,404.0,77.0,1.0,83.0,220.0,5.0,5.0,220.0,1
-121.264318683,37.7289648107,169.0,120,44,4987.0,321.0,50.0,270.0,100.0,236.0,237.0,100.0,308.0,59.0,1.0,82.0,166.0,3.0,3.0,166.0,1
-121.113152844,37.6771747149,172.0,122,43,5191.0,328.0,50.0,278.0,101.0,243.0,243.0,101.0,319.0,59.0,1.0,82.0,167.0,3.0,3.0,167.0,1
-120.526288872,37.7495074801,180.0,124,40,5983.0,351.0,49.0,302.0,101.0,266.0,266.0,101.0,517.0,100.0,1.0,84.0,286.0,5.0,5.0,286.0,1
-120.913494977,37.6550782749,176.0,124,42,5456.0,338.0,50.0,288.0,102.0,246.0,252.0,102.0,342.0,65.0,1.0,83.0,184.0,4.0,5.0,184.0,1
-120.766726583,37.6529950816,178.0,124,42,5622.0,343.0,50.0,293.0,102.0,251.0,257.0,102.0,371.0,72.0,1.0,83.0,203.0,5.0,5.0,203.0,1
-121.04587823,37.5876504297,172.0,122,43,5186.0,329.0,50.0,279.0,108.0,239.0,244.0,101.0,319.0,59.0,1.0,82.0,166.0,4.0,5.0,165.0,1
-120.862082895,37.57160519,176.0,124,43,5457.0,338.0,50.0,288.0,102.0,247.0,252.0,102.0,336.0,64.0,1.0,83.0,180.0,4.0,5.0,180.0,1
-120.61503427,37.6080014433,180.0,125,41,5805.0,349.0,50.0,298.0,102.0,261.0,262.0,102.0,417.0,82.0,1.0,85.0,235.0,3.0,3.0,235.0,1
-120.720531112,37.5468046471,178.0,125,42,5623.0,343.0,50.0,293.0,102.0,251.0,257.0,102.0,359.0,68.0,1.0,83.0,192.0,4.0,5.0,192.0,1
-121.067090568,37.4631198195,172.0,122,44,5099.0,326.0,50.0,276.0,113.0,237.0,242.0,101.0,303.0,57.0,1.0,83.0,162.0,4.0,5.0,160.0,1
-120.896348132,37.4491452264,175.0,124,43,5327.0,335.0,50.0,285.0,114.0,244.0,249.0,102.0,309.0,59.0,1.0,82.0,164.0,4.0,5.0,163.0,1
-120.737925079,37.445952976,178.0,125,42,5559.0,342.0,50.0,292.0,103.0,256.0,256.0,103.0,325.0,63.0,1.0,84.0,177.0,3.0,3.0,177.0,1
-120.481885449,37.4690758252,182.0,125,41,5885.0,352.0,51.0,300.0,104.0,266.0,266.0,104.0,394.0,73.0,1.0,83.0,212.0,3.0,3.0,212.0,1
-121.03382263,37.3450934444,171.0,123,44,5091.0,326.0,49.0,277.0,113.0,241.0,241.0,101.0,298.0,59.0,1.0,85.0,165.0,3.0,3.0,163.0,1
-120.849810556,37.3452739799,175.0,125,43,5349.0,336.0,49.0,286.0,114.0,249.0,249.0,102.0,299.0,58.0,1.0,84.0,163.0,3.0,3.0,161.0,1
-120.679232845,37.3628784355,179.0,126,42,5578.0,344.0,50.0,294.0,115.0,257.0,257.0,103.0,309.0,60.0,1.0,85.0,170.0,3.0,3.0,168.0,1
-121.029460079,37.2511886833,171.0,123,44,5051.0,325.0,48.0,276.0,113.0,236.0,240.0,100.0,291.0,58.0,1.0,86.0,163.0,3.0,3.0,161.0,1
-120.410591011,37.3633378499,183.0,126,41,5927.0,354.0,51.0,303.0,105.0,267.0,268.0,105.0,382.0,74.0,0.0,86.0,213.0,2.0,2.0,213.0,1
-120.802372246,37.247693156,176.0,126,43,5362.0,337.0,49.0,288.0,115.0,249.0,250.0,103.0,275.0,53.0,1.0,84.0,152.0,3.0,3.0,148.0,1
-120.629215754,37.275782384,180.0,127,42,5603.0,346.0,50.0,295.0,116.0,252.0,258.0,104.0,290.0,55.0,0.0,85.0,159.0,2.0,2.0,157.0,1
-120.258112827,37.3481035116,184.0,125,41,6065.0,358.0,51.0,306.0,106.0,272.0,272.0,105.0,411.0,76.0,1.0,84.0,222.0,3.0,3.0,222.0,1
-120.94792373,37.1680443777,173.0,125,44,5154.0,330.0,49.0,281.0,114.0,239.0,244.0,102.0,275.0,54.0,1.0,85.0,153.0,3.0,3.0,149.0,1
-121.568267464,37.0300851226,154.0,103,47,3799.0,274.0,54.0,219.0,100.0,203.0,205.0,100.0,392.0,84.0,1.0,91.0,237.0,3.0,3.0,237.0,1
-119.765261236,37.4034669752,150.0,123,39,6511.0,328.0,13.0,314.0,69.0,246.0,246.0,67.0,804.0,161.0,1.0,83.0,441.0,6.0,6.0,440.0,1
-120.720561782,37.1711562142,178.0,127,43,5467.0,341.0,49.0,292.0,116.0,248.0,254.0,103.0,266.0,51.0,0.0,84.0,147.0,1.0,2.0,143.0,1
-120.284600379,37.2400346764,185.0,126,41,6018.0,358.0,52.0,306.0,106.0,272.0,272.0,106.0,360.0,66.0,1.0,84.0,194.0,3.0,3.0,194.0,1
-120.54180142,37.1820461259,182.0,128,42,5730.0,350.0,51.0,299.0,117.0,257.0,263.0,105.0,286.0,53.0,0.0,84.0,155.0,1.0,2.0,153.0,1
-120.839387467,37.093053947,174.0,126,44,5258.0,334.0,48.0,286.0,114.0,242.0,247.0,102.0,257.0,50.0,1.0,84.0,143.0,3.0,3.0,138.0,1
-121.110535156,37.014631658,156.0,122,45,4778.0,305.0,36.0,268.0,100.0,216.0,221.0,89.0,295.0,58.0,1.0,86.0,165.0,3.0,3.0,161.0,1
-121.566119588,36.8950165127,152.0,102,47,3713.0,270.0,54.0,215.0,99.0,201.0,202.0,99.0,372.0,80.0,1.0,92.0,226.0,3.0,3.0,226.0,1
-120.652151393,37.0815542121,179.0,128,43,5543.0,345.0,49.0,295.0,116.0,251.0,257.0,104.0,248.0,47.0,0.0,84.0,136.0,1.0,2.0,133.0,1
-120.452404028,37.1006031751,183.0,128,42,5802.0,353.0,51.0,302.0,117.0,259.0,265.0,105.0,280.0,51.0,0.0,84.0,150.0,1.0,2.0,149.0,1
-120.767640179,37.01362282,176.0,127,43,5360.0,338.0,48.0,290.0,115.0,245.0,250.0,103.0,237.0,46.0,0.0,85.0,133.0,1.0,2.0,128.0,1
-120.252454639,37.0925038151,185.0,128,41,5978.0,358.0,51.0,306.0,111.0,263.0,271.0,106.0,311.0,56.0,0.0,84.0,166.0,2.0,2.0,166.0,1
-120.110698969,37.0896631213,187.0,127,41,6150.0,362.0,52.0,310.0,112.0,275.0,275.0,106.0,356.0,65.0,1.0,83.0,191.0,3.0,3.0,191.0,1
-120.565180662,36.9780830912,180.0,129,43,5628.0,348.0,49.0,299.0,117.0,253.0,259.0,104.0,241.0,45.0,0.0,84.0,130.0,1.0,2.0,129.0,1
-120.3551775,36.9950052855,184.0,129,42,5862.0,356.0,51.0,305.0,107.0,261.0,267.0,106.0,260.0,47.0,0.0,84.0,139.0,1.0,1.0,139.0,1
-120.707180832,36.9212858787,177.0,129,43,5456.0,342.0,48.0,294.0,115.0,248.0,253.0,103.0,228.0,44.0,0.0,84.0,125.0,1.0,2.0,123.0,1
-121.712602831,36.7041458327,152.0,87,47,3128.0,251.0,68.0,183.0,107.0,189.0,194.0,107.0,372.0,79.0,1.0,89.0,221.0,4.0,5.0,221.0,1
-119.98250737,37.0164466961,188.0,127,40,6253.0,364.0,52.0,313.0,115.0,279.0,279.0,107.0,353.0,66.0,1.0,83.0,190.0,3.0,3.0,190.0,1
-120.159291332,36.9704827277,187.0,128,41,6075.0,361.0,52.0,309.0,109.0,267.0,274.0,107.0,291.0,53.0,0.0,83.0,156.0,2.0,2.0,156.0,1
-120.460365625,36.8982329358,181.0,130,43,5707.0,351.0,49.0,302.0,105.0,256.0,262.0,105.0,234.0,44.0,0.0,83.0,127.0,1.0,2.0,127.0,1
-120.334365466,36.8943984274,184.0,130,42,5844.0,355.0,50.0,305.0,106.0,267.0,267.0,106.0,242.0,44.0,0.0,84.0,130.0,0.0,0.0,130.0,1
-121.528918145,36.6361924564,152.0,102,47,3711.0,270.0,53.0,216.0,106.0,196.0,201.0,99.0,409.0,85.0,1.0,89.0,235.0,4.0,5.0,234.0,1
-120.192853528,36.8540525092,186.0,130,42,6005.0,360.0,51.0,309.0,107.0,272.0,272.0,107.0,249.0,45.0,0.0,84.0,133.0,0.0,0.0,133.0,1
-119.972963662,36.895064831,188.0,129,41,6217.0,365.0,52.0,313.0,115.0,278.0,278.0,108.0,296.0,55.0,0.0,84.0,159.0,0.0,0.0,159.0,1
-120.333602448,36.7990656182,183.0,131,42,5826.0,355.0,49.0,306.0,106.0,266.0,266.0,106.0,226.0,42.0,0.0,85.0,123.0,0.0,0.0,123.0,1
-119.820954689,36.9023350764,190.0,128,40,6381.0,368.0,52.0,316.0,110.0,283.0,283.0,107.0,347.0,66.0,0.0,84.0,190.0,1.0,1.0,190.0,1
-121.442186033,36.5370200669,158.0,107,47,3900.0,282.0,55.0,227.0,105.0,207.0,210.0,103.0,394.0,82.0,1.0,89.0,226.0,3.0,4.0,226.0,1
-119.63666966,36.8713931362,191.0,127,39,6537.0,371.0,51.0,319.0,117.0,287.0,287.0,107.0,377.0,70.0,0.0,83.0,202.0,1.0,1.0,200.0,1
-120.18697057,36.7490149264,186.0,131,42,5978.0,360.0,50.0,310.0,107.0,271.0,271.0,107.0,222.0,41.0,0.0,83.0,119.0,0.0,0.0,119.0,1
-120.359383093,36.6971280911,183.0,132,43,5800.0,354.0,48.0,306.0,105.0,265.0,265.0,105.0,207.0,40.0,0.0,86.0,117.0,0.0,0.0,117.0,1
-119.894361681,36.7874254859,189.0,129,41,6265.0,367.0,52.0,315.0,118.0,280.0,280.0,108.0,269.0,50.0,0.0,84.0,146.0,0.0,0.0,144.0,1
-120.014058013,36.7570114176,188.0,130,41,6145.0,364.0,51.0,313.0,116.0,276.0,276.0,107.0,248.0,46.0,0.0,84.0,133.0,0.0,0.0,133.0,1
-120.54034862,36.645096076,176.0,131,43,5590.0,344.0,43.0,300.0,100.0,248.0,254.0,100.0,216.0,44.0,0.0,86.0,127.0,1.0,2.0,127.0,1
-121.379073813,36.4568635587,159.0,109,47,3977.0,285.0,54.0,231.0,103.0,213.0,213.0,103.0,380.0,80.0,1.0,89.0,224.0,3.0,3.0,224.0,1
-119.617877476,36.7781899873,192.0,128,39,6549.0,372.0,52.0,320.0,118.0,288.0,288.0,108.0,355.0,67.0,0.0,83.0,191.0,0.0,0.0,190.0,1
-120.171329334,36.6578786023,186.0,132,42,5960.0,359.0,49.0,310.0,107.0,271.0,271.0,107.0,209.0,40.0,0.0,84.0,114.0,0.0,0.0,114.0,1
-121.290788593,36.3793715272,161.0,115,46,4256.0,296.0,50.0,245.0,107.0,218.0,219.0,101.0,376.0,76.0,1.0,89.0,214.0,3.0,3.0,212.0,1
-119.839634167,36.677153551,190.0,130,41,6281.0,368.0,52.0,316.0,119.0,281.0,281.0,108.0,251.0,47.0,0.0,83.0,136.0,0.0,0.0,133.0,1
-120.025870499,36.5961255084,188.0,131,41,6111.0,364.0,50.0,313.0,119.0,276.0,276.0,108.0,212.0,40.0,0.0,84.0,115.0,0.0,0.0,113.0,1
-119.536241279,36.6796088549,193.0,128,39,6608.0,375.0,53.0,321.0,118.0,290.0,290.0,109.0,338.0,66.0,0.0,85.0,186.0,0.0,0.0,185.0,1
-121.181767576,36.3090972426,162.0,117,46,4390.0,300.0,48.0,252.0,103.0,218.0,222.0,100.0,368.0,76.0,1.0,89.0,211.0,3.0,3.0,210.0,1
-119.781714243,36.5932344368,191.0,130,41,6339.0,369.0,52.0,317.0,119.0,283.0,283.0,109.0,247.0,46.0,0.0,84.0,135.0,0.0,0.0,131.0,1
-119.638384331,36.5917328584,192.0,129,40,6455.0,372.0,53.0,319.0,119.0,286.0,286.0,109.0,279.0,52.0,0.0,84.0,152.0,0.0,0.0,148.0,1
-119.381667149,36.6231380499,195.0,127,39,6712.0,377.0,54.0,323.0,110.0,294.0,294.0,110.0,359.0,70.0,0.0,84.0,195.0,0.0,0.0,195.0,1
-120.015688104,36.478167015,187.0,132,42,6083.0,363.0,49.0,314.0,119.0,275.0,275.0,108.0,198.0,39.0,0.0,83.0,109.0,0.0,0.0,107.0,1
-119.881652579,36.4952818903,189.0,132,41,6198.0,366.0,50.0,316.0,119.0,279.0,279.0,108.0,209.0,40.0,0.0,83.0,115.0,0.0,0.0,110.0,1
-119.500475447,36.5610824702,194.0,128,40,6566.0,375.0,54.0,321.0,120.0,290.0,290.0,110.0,302.0,59.0,0.0,85.0,166.0,0.0,0.0,165.0,1
-121.081818105,36.2268266529,158.0,120,46,4572.0,301.0,40.0,260.0,105.0,216.0,220.0,94.0,404.0,82.0,1.0,90.0,234.0,3.0,3.0,229.0,1
-120.300106145,36.3633813289,175.0,133,43,5730.0,346.0,40.0,306.0,99.0,250.0,257.0,99.0,215.0,47.0,0.0,90.0,132.0,1.0,2.0,132.0,1
-119.708248407,36.4779024588,192.0,130,40,6385.0,371.0,53.0,319.0,120.0,285.0,285.0,110.0,237.0,45.0,0.0,84.0,131.0,0.0,0.0,126.0,1
-119.811577498,36.4047384236,190.0,132,41,6254.0,368.0,51.0,317.0,120.0,281.0,281.0,109.0,209.0,40.0,0.0,84.0,116.0,0.0,0.0,111.0,1
-121.057588204,36.1379748248,162.0,119,46,4509.0,303.0,46.0,257.0,99.0,218.0,224.0,99.0,357.0,76.0,1.0,91.0,214.0,3.0,3.0,214.0,1
-119.538079726,36.4483136991,194.0,129,40,6533.0,375.0,54.0,321.0,121.0,290.0,290.0,111.0,265.0,52.0,0.0,85.0,146.0,0.0,0.0,143.0,1
-119.246151368,36.4912591633,198.0,126,38,6860.0,381.0,55.0,325.0,112.0,299.0,299.0,110.0,387.0,76.0,1.0,84.0,209.0,3.0,3.0,209.0,1
-120.048493525,36.3273209395,184.0,133,42,5993.0,359.0,46.0,312.0,117.0,263.0,270.0,105.0,193.0,39.0,0.0,84.0,110.0,2.0,2.0,105.0,1
-120.222059997,36.254165718,179.0,134,43,5798.0,350.0,42.0,307.0,109.0,254.0,261.0,101.0,201.0,43.0,0.0,90.0,120.0,1.0,2.0,120.0,1
-119.361314167,36.4038074575,197.0,128,39,6693.0,378.0,55.0,323.0,114.0,295.0,295.0,112.0,309.0,60.0,0.0,84.0,167.0,0.0,0.0,167.0,1
-119.75469739,36.3178659067,191.0,132,41,6270.0,369.0,51.0,317.0,120.0,282.0,282.0,110.0,203.0,40.0,0.0,84.0,114.0,0.0,0.0,108.0,1
-120.941007207,36.0650563141,163.0,121,46,4657.0,308.0,45.0,263.0,100.0,222.0,228.0,99.0,335.0,71.0,1.0,90.0,199.0,3.0,3.0,198.0,1
-119.550180787,36.3497464954,194.0,130,40,6472.0,374.0,54.0,320.0,121.0,289.0,289.0,111.0,237.0,47.0,0.0,85.0,131.0,0.0,0.0,128.0,1
-121.229600748,35.9884226515,145.0,107,47,3953.0,269.0,41.0,228.0,90.0,193.0,199.0,90.0,436.0,98.0,0.0,96.0,281.0,1.0,2.0,281.0,1
-120.371763334,36.1684981778,169.0,133,44,5596.0,336.0,34.0,302.0,105.0,241.0,248.0,94.0,236.0,51.0,1.0,93.0,146.0,3.0,3.0,143.0,1
-120.191171957,36.1661780194,177.0,134,43,5786.0,348.0,40.0,307.0,111.0,253.0,259.0,100.0,206.0,43.0,0.0,88.0,121.0,1.0,2.0,118.0,1
-119.175287588,36.3432463462,197.0,127,38,6862.0,380.0,54.0,325.0,110.0,298.0,298.0,110.0,380.0,75.0,0.0,84.0,207.0,2.0,2.0,207.0,1
-119.717851431,36.2258231972,192.0,132,41,6291.0,370.0,51.0,318.0,121.0,283.0,283.0,110.0,197.0,39.0,0.0,84.0,111.0,0.0,0.0,105.0,1
-120.881065496,35.9830226484,162.0,120,46,4634.0,305.0,44.0,261.0,98.0,220.0,226.0,98.0,331.0,72.0,0.0,93.0,204.0,2.0,2.0,204.0,1
-119.357842879,36.2915598291,197.0,128,39,6667.0,378.0,55.0,323.0,121.0,294.0,294.0,112.0,281.0,54.0,0.0,84.0,152.0,0.0,0.0,149.0,1
-120.328518391,36.0814317559,162.0,133,44,5558.0,329.0,28.0,300.0,97.0,240.0,241.0,88.0,278.0,55.0,1.0,85.0,155.0,3.0,3.0,154.0,1
-119.504957498,36.1922398222,195.0,130,40,6475.0,375.0,54.0,321.0,122.0,290.0,290.0,112.0,214.0,41.0,0.0,84.0,118.0,0.0,0.0,113.0,1
-120.172217791,36.0400136889,171.0,133,43,5704.0,340.0,35.0,305.0,105.0,245.0,252.0,95.0,217.0,45.0,0.0,87.0,127.0,1.0,2.0,123.0,1
-119.690211005,36.1297044899,193.0,132,41,6307.0,370.0,52.0,318.0,121.0,284.0,284.0,111.0,191.0,37.0,0.0,84.0,108.0,0.0,0.0,102.0,1
-119.239418835,36.214335695,198.0,128,39,6782.0,381.0,56.0,325.0,121.0,298.0,298.0,112.0,303.0,60.0,0.0,84.0,166.0,2.0,2.0,165.0,1
-120.856424995,35.8670887454,159.0,118,46,4540.0,299.0,43.0,256.0,96.0,216.0,222.0,96.0,348.0,76.0,1.0,93.0,215.0,3.0,3.0,215.0,1
-120.070662675,35.9677606895,172.0,134,43,5823.0,343.0,35.0,308.0,106.0,251.0,255.0,95.0,209.0,43.0,0.0,89.0,129.0,1.0,2.0,117.0,1
-119.367191378,36.1010734373,198.0,129,40,6620.0,379.0,56.0,323.0,123.0,295.0,295.0,113.0,232.0,45.0,0.0,84.0,127.0,0.0,0.0,122.0,1
-119.588898203,36.0327466576,194.0,132,41,6353.0,372.0,53.0,319.0,123.0,287.0,287.0,112.0,183.0,35.0,0.0,83.0,103.0,0.0,0.0,96.0,1
-119.224981636,36.0786114469,199.0,128,39,6737.0,381.0,56.0,324.0,123.0,291.0,298.0,113.0,265.0,51.0,0.0,83.0,143.0,2.0,2.0,140.0,1
-120.904887979,35.7302086746,151.0,112,46,4248.0,282.0,42.0,240.0,93.0,204.0,210.0,93.0,431.0,85.0,0.0,89.0,247.0,2.0,2.0,247.0,1
-120.704538635,35.763068591,159.0,121,45,4734.0,304.0,39.0,264.0,104.0,218.0,225.0,94.0,380.0,78.0,1.0,91.0,227.0,3.0,3.0,218.0,1
-119.731278461,35.9565970377,192.0,133,41,6201.0,368.0,51.0,316.0,122.0,273.0,281.0,111.0,172.0,33.0,0.0,82.0,98.0,1.0,2.0,89.0,1
-119.397781008,36.0002101121,198.0,130,40,6556.0,377.0,56.0,322.0,124.0,292.0,293.0,114.0,210.0,40.0,0.0,84.0,116.0,0.0,0.0,110.0,1
-119.56622223,35.9394978266,195.0,132,41,6367.0,373.0,54.0,319.0,123.0,287.0,288.0,113.0,177.0,34.0,0.0,83.0,100.0,0.0,0.0,92.0,1
-119.179367815,35.9869038851,200.0,129,39,6759.0,381.0,56.0,325.0,123.0,298.0,298.0,113.0,265.0,51.0,0.0,83.0,143.0,2.0,2.0,140.0,1
-120.068483992,35.804928709,175.0,133,43,5734.0,344.0,39.0,305.0,110.0,250.0,257.0,99.0,198.0,43.0,0.0,91.0,122.0,1.0,2.0,118.0,1
-119.010947931,35.9937232594,199.0,127,38,6941.0,382.0,54.0,328.0,112.0,301.0,301.0,111.0,341.0,65.0,0.0,83.0,181.0,2.0,2.0,181.0,1
-120.6324152,35.6614130174,159.0,118,45,4634.0,301.0,42.0,258.0,102.0,218.0,224.0,96.0,405.0,84.0,0.0,91.0,236.0,2.0,2.0,236.0,1
-119.666745771,35.8475270166,193.0,132,41,6251.0,369.0,52.0,317.0,123.0,275.0,284.0,112.0,164.0,31.0,0.0,82.0,93.0,2.0,2.0,84.0,1
-119.319303459,35.9057194427,199.0,130,40,6606.0,379.0,56.0,323.0,124.0,286.0,296.0,115.0,211.0,40.0,0.0,82.0,114.0,2.0,2.0,107.0,1
-120.461151433,35.6558317527,159.0,124,45,4936.0,309.0,35.0,273.0,99.0,222.0,229.0,92.0,365.0,74.0,0.0,90.0,210.0,1.0,2.0,207.0,1
-119.796224349,35.7873803988,188.0,133,42,6027.0,361.0,48.0,312.0,120.0,267.0,275.0,109.0,162.0,32.0,0.0,85.0,96.0,1.0,2.0,88.0,1
-119.903655226,35.7354602685,183.0,133,43,5894.0,354.0,45.0,309.0,116.0,260.0,268.0,106.0,169.0,34.0,0.0,86.0,100.0,1.0,2.0,93.0,1
-120.741220665,35.5547536764,155.0,112,46,4320.0,287.0,44.0,242.0,96.0,208.0,215.0,96.0,395.0,89.0,0.0,95.0,249.0,1.0,2.0,249.0,1
-120.609297327,35.5726232865,156.0,117,45,4579.0,295.0,40.0,255.0,95.0,213.0,220.0,94.0,468.0,95.0,1.0,90.0,267.0,3.0,3.0,267.0,1
-119.180026586,35.8592215073,199.0,129,39,6720.0,380.0,55.0,324.0,123.0,297.0,297.0,113.0,241.0,45.0,0.0,82.0,129.0,2.0,2.0,123.0,1
-119.48941126,35.7950082815,197.0,131,41,6406.0,374.0,55.0,319.0,124.0,281.0,290.0,114.0,172.0,33.0,0.0,83.0,97.0,2.0,2.0,88.0,1
-119.288466385,35.8182601463,199.0,130,40,6622.0,379.0,56.0,323.0,124.0,289.0,296.0,115.0,209.0,38.0,0.0,81.0,112.0,2.0,2.0,104.0,1
-119.616389595,35.7455228383,194.0,132,41,6237.0,369.0,53.0,316.0,123.0,276.0,284.0,113.0,155.0,30.0,0.0,82.0,89.0,1.0,2.0,78.0,1
-119.743817213,35.6902431477,190.0,133,42,6073.0,363.0,50.0,313.0,121.0,270.0,278.0,111.0,148.0,29.0,0.0,85.0,87.0,1.0,2.0,78.0,1
-120.336767612,35.5617814064,154.0,125,45,5027.0,305.0,28.0,276.0,87.0,218.0,225.0,86.0,407.0,87.0,0.0,92.0,242.0,1.0,2.0,242.0,1
-119.446224647,35.6940203261,197.0,131,41,6396.0,374.0,55.0,319.0,125.0,281.0,290.0,115.0,165.0,31.0,0.0,82.0,92.0,2.0,2.0,82.0,1
-119.232782287,35.7360433888,199.0,130,40,6634.0,379.0,56.0,323.0,126.0,296.0,296.0,115.0,200.0,36.0,0.0,81.0,107.0,2.0,2.0,99.0,1
-119.579490754,35.6300025326,194.0,132,41,6238.0,369.0,53.0,316.0,124.0,276.0,285.0,114.0,150.0,29.0,0.0,82.0,86.0,2.0,2.0,74.0,1
-119.871046027,35.5388233255,175.0,131,43,5759.0,342.0,39.0,303.0,110.0,250.0,258.0,100.0,165.0,33.0,0.0,87.0,98.0,1.0,2.0,92.0,1
-119.700582914,35.5574898914,189.0,132,42,6034.0,361.0,50.0,311.0,121.0,268.0,277.0,111.0,142.0,29.0,0.0,87.0,87.0,1.0,2.0,77.0,1
-119.38033206,35.6114233168,197.0,131,41,6396.0,374.0,55.0,318.0,125.0,281.0,290.0,115.0,165.0,31.0,0.0,81.0,92.0,2.0,2.0,79.0,1
-120.805801353,35.313716209,163.0,95,46,3622.0,273.0,70.0,203.0,114.0,212.0,214.0,114.0,528.0,104.0,1.0,89.0,303.0,3.0,3.0,303.0,1
-119.525725371,35.5447206843,195.0,132,41,6234.0,369.0,54.0,315.0,124.0,276.0,285.0,114.0,147.0,29.0,0.0,83.0,85.0,2.0,2.0,71.0,1
-119.189362061,35.6008351539,198.0,130,40,6616.0,377.0,54.0,322.0,137.0,295.0,295.0,113.0,190.0,34.0,0.0,80.0,103.0,2.0,2.0,89.0,1
-119.385061316,35.5143131552,197.0,131,41,6347.0,372.0,55.0,317.0,125.0,280.0,289.0,115.0,159.0,31.0,0.0,82.0,90.0,2.0,2.0,76.0,1
-119.63520549,35.4455763542,189.0,131,42,5983.0,359.0,51.0,308.0,121.0,267.0,276.0,111.0,139.0,28.0,0.0,86.0,85.0,1.0,2.0,74.0,1
-119.242399736,35.4968673365,199.0,130,40,6505.0,376.0,56.0,319.0,125.0,284.0,294.0,116.0,165.0,31.0,0.0,82.0,93.0,2.0,2.0,80.0,1
-119.003902806,35.5372389686,193.0,129,39,6728.0,374.0,49.0,324.0,117.0,292.0,292.0,108.0,226.0,40.0,0.0,80.0,118.0,2.0,2.0,112.0,1
-119.402783636,35.4126315531,196.0,130,41,6256.0,370.0,56.0,314.0,126.0,278.0,288.0,116.0,153.0,30.0,0.0,81.0,88.0,2.0,2.0,72.0,1
-120.498343593,35.1823055363,157.0,106,46,4150.0,281.0,52.0,229.0,107.0,209.0,216.0,102.0,462.0,97.0,0.0,93.0,277.0,1.0,2.0,273.0,1
-119.098722153,35.4579266971,200.0,130,40,6615.0,378.0,57.0,321.0,127.0,289.0,296.0,115.0,175.0,32.0,0.0,80.0,94.0,2.0,2.0,83.0,1
-119.261033722,35.3997562537,199.0,130,41,6399.0,374.0,57.0,317.0,126.0,283.0,292.0,117.0,162.0,31.0,0.0,81.0,91.0,2.0,2.0,77.0,1
-120.598215736,35.0950027281,167.0,94,46,3665.0,277.0,74.0,203.0,125.0,212.0,219.0,118.0,436.0,87.0,0.0,90.0,257.0,2.0,2.0,246.0,1
-118.944305142,35.431455835,199.0,129,39,6790.0,380.0,54.0,325.0,122.0,290.0,299.0,113.0,202.0,37.0,0.0,81.0,109.0,2.0,2.0,104.0,1
-119.389642041,35.3210472293,194.0,130,41,6175.0,366.0,55.0,311.0,124.0,275.0,284.0,115.0,161.0,31.0,0.0,81.0,91.0,1.0,2.0,76.0,1
-119.090945658,35.3658658661,201.0,129,40,6555.0,378.0,58.0,320.0,126.0,287.0,296.0,117.0,177.0,33.0,0.0,80.0,97.0,2.0,2.0,87.0,1
-120.367563674,35.0800614635,158.0,105,46,4169.0,282.0,53.0,229.0,108.0,209.0,217.0,102.0,405.0,81.0,0.0,90.0,234.0,1.0,2.0,229.0,1
-119.252100225,35.3056857931,198.0,130,41,6329.0,373.0,58.0,314.0,127.0,281.0,291.0,118.0,162.0,32.0,0.0,80.0,92.0,2.0,2.0,75.0,1
-120.58002945,35.0048724768,165.0,91,46,3565.0,272.0,74.0,197.0,124.0,208.0,216.0,118.0,417.0,82.0,0.0,89.0,244.0,2.0,2.0,226.0,1
-118.941322166,35.3387460201,203.0,129,39,6742.0,382.0,58.0,324.0,126.0,291.0,301.0,117.0,189.0,33.0,0.0,79.0,98.0,2.0,3.0,93.0,1
-119.381282722,35.2248986037,192.0,129,41,6082.0,362.0,54.0,307.0,123.0,271.0,280.0,114.0,150.0,32.0,0.0,87.0,94.0,1.0,2.0,77.0,1
-119.100879329,35.263357863,201.0,129,40,6482.0,377.0,60.0,317.0,128.0,286.0,296.0,119.0,179.0,33.0,0.0,80.0,98.0,2.0,2.0,86.0,1
-120.389133514,34.9743099689,166.0,98,46,3887.0,282.0,68.0,214.0,120.0,213.0,221.0,114.0,356.0,73.0,0.0,91.0,216.0,1.0,2.0,189.0,1
-119.21005656,35.2152321624,199.0,129,41,6297.0,372.0,60.0,312.0,128.0,282.0,291.0,119.0,168.0,33.0,0.0,81.0,95.0,2.0,2.0,78.0,1
-120.496158444,34.9273980827,166.0,91,46,3574.0,273.0,76.0,197.0,124.0,209.0,217.0,119.0,366.0,70.0,0.0,88.0,209.0,2.0,2.0,196.0,1
-118.891929119,35.255506532,203.0,129,39,6713.0,382.0,59.0,323.0,138.0,292.0,301.0,118.0,209.0,35.0,0.0,76.0,105.0,4.0,4.0,98.0,1
-119.339538039,35.1402059786,192.0,128,42,6036.0,361.0,56.0,305.0,123.0,271.0,280.0,115.0,177.0,37.0,0.0,85.0,107.0,1.0,2.0,89.0,1
-119.065096278,35.1669412362,202.0,129,40,6445.0,377.0,61.0,315.0,129.0,287.0,296.0,120.0,191.0,35.0,0.0,79.0,103.0,2.0,3.0,93.0,1
-120.310971151,34.8924863125,166.0,98,45,3898.0,282.0,68.0,213.0,121.0,214.0,222.0,115.0,351.0,67.0,0.0,88.0,199.0,1.0,2.0,181.0,1
-118.910467032,35.1579731737,203.0,128,40,6577.0,380.0,61.0,318.0,145.0,289.0,299.0,119.0,225.0,37.0,1.0,76.0,111.0,4.0,5.0,105.0,1
-119.198745974,35.0887576593,197.0,128,41,6191.0,368.0,60.0,308.0,127.0,278.0,288.0,118.0,206.0,38.0,0.0,78.0,111.0,2.0,4.0,95.0,1
-119.01666494,35.07801998,199.0,127,41,6324.0,372.0,60.0,311.0,135.0,282.0,292.0,119.0,229.0,39.0,1.0,77.0,117.0,4.0,5.0,104.0,1
-119.598780658,34.9493872848,151.0,122,43,5307.0,305.0,26.0,278.0,90.0,219.0,228.0,83.0,222.0,45.0,1.0,85.0,131.0,3.0,5.0,107.0,1
-120.442403455,34.7713760044,159.0,82,46,3265.0,257.0,77.0,179.0,121.0,198.0,206.0,117.0,336.0,68.0,0.0,91.0,203.0,1.0,2.0,181.0,1
-118.869999799,35.0586106524,198.0,128,40,6493.0,373.0,57.0,315.0,143.0,283.0,293.0,116.0,241.0,41.0,1.0,76.0,122.0,4.0,7.0,108.0,1
-120.53458189,34.6828606635,160.0,71,46,2839.0,245.0,89.0,155.0,127.0,193.0,200.0,124.0,311.0,67.0,0.0,93.0,196.0,1.0,2.0,165.0,1
-120.36532163,34.6247629911,157.0,76,45,3069.0,248.0,81.0,167.0,121.0,193.0,201.0,118.0,421.0,86.0,0.0,92.0,255.0,1.0,2.0,226.0,1
-120.195305098,34.6228987862,163.0,86,45,3495.0,266.0,77.0,189.0,122.0,205.0,213.0,118.0,414.0,88.0,0.0,94.0,257.0,1.0,2.0,237.0,1
-120.070887174,34.6280998994,162.0,95,45,3901.0,277.0,66.0,210.0,117.0,210.0,218.0,112.0,398.0,89.0,0.0,97.0,264.0,1.0,2.0,228.0,1
-119.363937848,34.3184118264,178.0,91,43,4097.0,294.0,84.0,210.0,131.0,231.0,238.0,127.0,478.0,107.0,0.0,99.0,322.0,2.0,2.0,278.0,1
-118.938894412,34.4007813956,188.0,108,43,4952.0,325.0,75.0,250.0,131.0,250.0,260.0,125.0,344.0,76.0,0.0,98.0,225.0,1.0,2.0,200.0,1
-119.240395581,34.2476892339,184.0,87,43,3975.0,296.0,93.0,202.0,138.0,233.0,243.0,135.0,424.0,95.0,0.0,99.0,284.0,1.0,2.0,249.0,1
-118.990080954,34.2788329626,183.0,99,43,4497.0,309.0,80.0,228.0,131.0,239.0,249.0,127.0,379.0,85.0,0.0,99.0,251.0,1.0,2.0,222.0,1
-119.147731115,34.1576015713,184.0,84,43,3810.0,290.0,97.0,193.0,139.0,230.0,239.0,136.0,398.0,95.0,0.0,100.0,267.0,1.0,2.0,246.0,1
-118.883954137,34.1484715442,166.0,93,43,4215.0,284.0,69.0,214.0,117.0,218.0,228.0,113.0,485.0,114.0,0.0,100.0,320.0,1.0,2.0,300.0,1
-116.253180449,33.7759747146,232.0,134,39,6943.0,414.0,79.0,335.0,144.0,284.0,332.0,141.0,107.0,19.0,0.0,61.0,51.0,2.0,25.0,51.0,1
-116.175386939,33.6955820106,236.0,134,40,6938.0,418.0,82.0,335.0,145.0,287.0,336.0,144.0,87.0,16.0,0.0,63.0,43.0,1.0,21.0,43.0,1
-116.129992998,33.6110616581,237.0,134,40,6891.0,419.0,85.0,334.0,147.0,289.0,337.0,147.0,83.0,16.0,0.0,64.0,42.0,1.0,19.0,42.0,1
-115.985626549,33.5459456438,238.0,135,40,6991.0,421.0,84.0,336.0,150.0,290.0,339.0,146.0,80.0,13.0,1.0,55.0,35.0,3.0,24.0,35.0,1
-116.127980437,33.5177354711,234.0,134,40,6786.0,414.0,83.0,331.0,145.0,284.0,333.0,145.0,79.0,15.0,0.0,66.0,42.0,1.0,18.0,42.0,1
-114.504385685,33.7213754525,251.0,130,37,7760.0,435.0,84.0,350.0,358.0,316.0,358.0,147.0,99.0,19.0,1.0,61.0,46.0,3.0,46.0,37.0,1
-116.040520137,33.4381856068,240.0,135,40,6845.0,421.0,89.0,332.0,151.0,291.0,339.0,151.0,73.0,14.0,0.0,64.0,38.0,1.0,18.0,38.0,1
-115.807073432,33.4707409968,244.0,135,39,7070.0,428.0,89.0,338.0,151.0,297.0,345.0,151.0,71.0,11.0,0.0,55.0,31.0,2.0,22.0,31.0,1
-114.685746783,33.6123476518,250.0,131,37,7652.0,435.0,86.0,349.0,357.0,314.0,357.0,148.0,92.0,18.0,1.0,60.0,42.0,3.0,42.0,33.0,1
-114.533663682,33.6120450267,252.0,130,37,7708.0,436.0,86.0,349.0,359.0,317.0,359.0,148.0,107.0,19.0,1.0,56.0,46.0,3.0,46.0,38.0,1
-115.965208267,33.3547992384,240.0,135,40,6803.0,421.0,89.0,331.0,151.0,290.0,339.0,151.0,71.0,13.0,0.0,61.0,36.0,1.0,18.0,36.0,1
-115.701655992,33.3592684289,247.0,135,39,7077.0,432.0,93.0,338.0,154.0,301.0,349.0,154.0,66.0,11.0,0.0,57.0,30.0,1.0,20.0,30.0,1
-114.662444253,33.507453432,252.0,131,37,7635.0,436.0,88.0,348.0,359.0,316.0,359.0,150.0,96.0,17.0,1.0,57.0,41.0,3.0,41.0,34.0,1
-115.873058657,33.2787399509,243.0,135,40,6859.0,424.0,91.0,333.0,153.0,293.0,342.0,153.0,67.0,12.0,0.0,59.0,33.0,1.0,18.0,33.0,1
-115.569369626,33.325131833,247.0,135,39,7129.0,431.0,92.0,340.0,153.0,301.0,349.0,153.0,70.0,11.0,0.0,56.0,30.0,1.0,23.0,30.0,1
-115.832847109,33.1926903457,243.0,136,40,6832.0,424.0,92.0,332.0,154.0,293.0,342.0,154.0,64.0,11.0,0.0,59.0,31.0,1.0,17.0,31.0,1
-115.545457851,33.2367652926,249.0,135,39,7089.0,433.0,94.0,338.0,156.0,303.0,351.0,156.0,64.0,10.0,0.0,55.0,28.0,1.0,20.0,28.0,1
-116.017764546,33.1072598313,232.0,135,41,6500.0,409.0,85.0,323.0,147.0,278.0,327.0,147.0,88.0,15.0,1.0,59.0,43.0,3.0,22.0,43.0,1
-115.645752771,33.1595053492,247.0,136,40,6963.0,430.0,94.0,336.0,156.0,299.0,347.0,156.0,62.0,10.0,0.0,58.0,29.0,1.0,19.0,29.0,1
-115.413831521,33.1801464963,246.0,135,39,7156.0,431.0,90.0,340.0,152.0,301.0,349.0,152.0,67.0,10.0,0.0,59.0,27.0,0.0,24.0,27.0,1
-115.782796152,33.109182503,243.0,136,40,6809.0,424.0,92.0,332.0,154.0,293.0,341.0,154.0,66.0,11.0,0.0,59.0,32.0,1.0,17.0,32.0,1
-115.513509224,33.1187605192,248.0,136,40,7043.0,432.0,94.0,338.0,156.0,302.0,350.0,156.0,61.0,10.0,0.0,60.0,28.0,0.0,19.0,28.0,1
-115.655031436,33.0653425029,245.0,136,40,6907.0,428.0,93.0,334.0,155.0,297.0,345.0,155.0,63.0,11.0,0.0,59.0,30.0,1.0,18.0,30.0,1
-115.362014984,33.0968354349,248.0,135,39,7150.0,432.0,92.0,340.0,153.0,303.0,350.0,153.0,65.0,9.0,0.0,57.0,26.0,0.0,23.0,26.0,1
-115.511868418,33.0265213467,247.0,136,40,6996.0,431.0,94.0,337.0,155.0,300.0,348.0,155.0,60.0,10.0,0.0,60.0,28.0,0.0,19.0,28.0,1
-115.628640099,32.9776639006,243.0,136,40,6850.0,425.0,91.0,333.0,153.0,294.0,342.0,153.0,62.0,11.0,0.0,59.0,30.0,1.0,17.0,30.0,1
-115.328027843,33.0104514142,248.0,135,39,7140.0,432.0,92.0,340.0,154.0,303.0,350.0,154.0,65.0,9.0,0.0,58.0,26.0,0.0,23.0,26.0,1
-115.500870259,32.9350686282,246.0,136,40,6954.0,429.0,93.0,336.0,155.0,299.0,347.0,155.0,58.0,9.0,0.0,59.0,26.0,0.0,19.0,26.0,1
-115.727642052,32.8746289546,239.0,137,41,6682.0,419.0,89.0,329.0,151.0,287.0,336.0,151.0,76.0,12.0,0.0,57.0,35.0,1.0,22.0,35.0,1
-115.611713366,32.8880519646,243.0,137,40,6847.0,425.0,92.0,333.0,154.0,294.0,342.0,154.0,65.0,10.0,0.0,58.0,30.0,1.0,19.0,30.0,1
-115.302333272,32.9226362414,249.0,136,40,7112.0,433.0,93.0,339.0,155.0,303.0,350.0,155.0,64.0,9.0,0.0,58.0,27.0,0.0,22.0,27.0,1
-115.429917691,32.8539899165,247.0,136,40,6990.0,430.0,93.0,337.0,155.0,300.0,348.0,155.0,63.0,9.0,0.0,60.0,27.0,0.0,20.0,27.0,1
-115.727963828,32.781970536,238.0,137,41,6637.0,418.0,89.0,328.0,152.0,286.0,335.0,152.0,88.0,14.0,0.0,57.0,41.0,2.0,24.0,41.0,1
-115.54189912,32.8079245311,243.0,137,41,6850.0,425.0,91.0,333.0,154.0,294.0,342.0,154.0,69.0,11.0,0.0,59.0,32.0,1.0,21.0,32.0,1
-115.302205215,32.8301496155,248.0,136,40,7070.0,432.0,93.0,339.0,155.0,302.0,349.0,155.0,63.0,9.0,0.0,61.0,27.0,0.0,21.0,27.0,1
-115.41385001,32.7614800378,246.0,137,40,6988.0,429.0,92.0,337.0,154.0,299.0,346.0,154.0,67.0,10.0,0.0,58.0,28.0,0.0,22.0,28.0,1
-115.685708146,32.6965105142,238.0,137,41,6646.0,418.0,89.0,328.0,151.0,286.0,335.0,151.0,94.0,15.0,0.0,58.0,43.0,2.0,26.0,43.0,1
-115.53494071,32.7168380151,243.0,137,41,6856.0,425.0,91.0,334.0,153.0,294.0,342.0,153.0,76.0,11.0,0.0,59.0,33.0,1.0,24.0,33.0,1
-115.285428229,32.7407867699,248.0,136,40,7073.0,431.0,93.0,339.0,155.0,302.0,349.0,155.0,63.0,10.0,0.0,61.0,26.0,0.0,21.0,26.0,1
-115.391791115,32.6724693369,245.0,137,40,6961.0,428.0,92.0,336.0,154.0,298.0,345.0,154.0,70.0,11.0,0.0,59.0,29.0,1.0,23.0,29.0,1
-117.23695657390464,35.01368746167941,197.0,129,36,7668.0,388.0,37.0,350.0,108.0,259.0,306.0,95.0,104.0,19.0,1.0,67.0,56.0,4.0,18.0,48.0,0
-115.95139767080016,33.00292947130246,233.0,136,41,6534.0,411.0,86.0,324.0,148.0,280.0,328.0,148.0,88.0,16.0,1.0,60.0,44.0,3.0,20.0,44.0,0
-121.34911253268456,35.89721966176276,112.0,97,47,3525.0,223.0,18.0,204.0,63.0,157.0,160.0,63.0,688.0,154.0,0.0,97.0,447.0,3.0,3.0,447.0,0
-116.047304021651,35.507289683220506,208.0,127,34,8533.0,407.0,34.0,372.0,110.0,282.0,328.0,93.0,170.0,23.0,2.0,43.0,66.0,10.0,50.0,60.0,0
-115.87952247938485,35.15198251011101,204.0,129,35,8270.0,400.0,33.0,366.0,320.0,275.0,320.0,93.0,198.0,27.0,3.0,41.0,77.0,11.0,77.0,59.0,0
-121.23724131031824,36.44825620090504,141.0,117,46,4337.0,279.0,29.0,250.0,91.0,196.0,200.0,81.0,425.0,88.0,1.0,91.0,251.0,3.0,4.0,244.0,0
-117.44504869316684,35.21069182038466,181.0,127,36,7710.0,372.0,24.0,348.0,92.0,244.0,291.0,80.0,118.0,23.0,1.0,75.0,69.0,4.0,14.0,58.0,0
-115.15416162542088,33.967853805511915,218.0,131,37,7564.0,404.0,57.0,346.0,308.0,280.0,325.0,117.0,115.0,19.0,1.0,54.0,48.0,4.0,48.0,40.0,0
-118.75400606678475,37.95826213771768,80.0,120,34,7826.0,273.0,-76.0,350.0,-19.0,167.0,196.0,-19.0,259.0,39.0,10.0,49.0,117.0,32.0,36.0,117.0,0
-116.60000868873892,36.2634429534928,175.0,120,32,8608.0,372.0,3.0,368.0,75.0,250.0,296.0,59.0,107.0,18.0,1.0,60.0,54.0,6.0,20.0,49.0,0
-123.55997963134294,38.857825639390526,128.0,55,40,2761.0,203.0,67.0,135.0,92.0,161.0,167.0,92.0,1106.0,221.0,3.0,86.0,647.0,13.0,21.0,647.0,0
-117.22834398771124,37.03675470938556,141.0,116,31,8588.0,337.0,-26.0,364.0,54.0,214.0,263.0,27.0,143.0,17.0,6.0,29.0,51.0,22.0,32.0,45.0,0
-121.9764463905669,37.12220796748451,127.0,78,47,2849.0,215.0,51.0,164.0,86.0,165.0,165.0,86.0,743.0,156.0,2.0,91.0,441.0,7.0,7.0,441.0,0
-118.9636844160439,36.95247480311978,87.0,122,37,6874.0,268.0,-52.0,320.0,10.0,189.0,189.0,1.0,790.0,143.0,4.0,79.0,419.0,12.0,12.0,397.0,0
-117.99046386919208,35.16512297375886,181.0,128,38,7292.0,367.0,30.0,337.0,97.0,238.0,286.0,86.0,132.0,24.0,1.0,80.0,73.0,4.0,10.0,69.0,0
-122.11319779191828,40.92175509141026,137.0,122,35,7508.0,338.0,-5.0,343.0,41.0,245.0,249.0,41.0,1528.0,300.0,4.0,82.0,863.0,29.0,29.0,863.0,0
-123.07110752374383,40.75885348493557,124.0,117,38,6332.0,303.0,0.0,303.0,43.0,207.0,218.0,43.0,909.0,171.0,4.0,82.0,512.0,21.0,23.0,512.0,0
-124.02181830459496,41.20204042598064,119.0,72,40,3809.0,224.0,43.0,180.0,72.0,176.0,176.0,72.0,1445.0,257.0,6.0,73.0,749.0,35.0,35.0,749.0,0
-123.65567841317642,40.98662883376856,131.0,98,40,5077.0,276.0,30.0,245.0,67.0,197.0,206.0,67.0,1243.0,255.0,3.0,86.0,732.0,20.0,24.0,732.0,0
-120.96207707741664,39.79056301083066,86.0,123,37,6968.0,277.0,-52.0,330.0,-3.0,188.0,188.0,-3.0,1544.0,321.0,4.0,81.0,888.0,19.0,19.0,888.0,0
-121.66755630974866,40.44561806880717,94.0,122,36,7195.0,289.0,-45.0,334.0,1.0,199.0,199.0,1.0,948.0,155.0,6.0,64.0,451.0,32.0,32.0,451.0,0
-120.66015393238602,39.29483187112485,91.0,123,37,6845.0,279.0,-47.0,326.0,3.0,191.0,191.0,3.0,1548.0,290.0,5.0,77.0,842.0,27.0,27.0,842.0,0
-119.99419729128569,41.71318026429232,73.0,113,32,7944.0,280.0,-70.0,350.0,-27.0,195.0,195.0,-27.0,495.0,66.0,11.0,43.0,196.0,41.0,41.0,196.0,0
-123.46912791382546,41.00376232570141,76.0,106,40,5334.0,231.0,-30.0,262.0,9.0,146.0,155.0,9.0,1517.0,299.0,4.0,85.0,872.0,23.0,33.0,872.0,0
-123.9600711358072,40.61391542682368,124.0,77,41,3885.0,233.0,45.0,187.0,75.0,173.0,181.0,75.0,1355.0,263.0,2.0,83.0,752.0,21.0,23.0,752.0,0
-116.50830015181418,33.68286660470151,179.0,133,41,6355.0,352.0,34.0,317.0,96.0,224.0,271.0,96.0,228.0,46.0,1.0,77.0,132.0,6.0,29.0,132.0,0
-122.93353919165652,41.92546495420186,50.0,115,39,6009.0,224.0,-68.0,292.0,-25.0,138.0,140.0,-25.0,818.0,154.0,10.0,75.0,456.0,39.0,39.0,456.0,0
-118.33389351832888,37.05377239123167,98.0,116,34,7738.0,285.0,-53.0,339.0,8.0,202.0,211.0,0.0,245.0,46.0,6.0,67.0,128.0,21.0,22.0,128.0,0
-123.80380012492716,41.46764981834326,118.0,87,40,4562.0,247.0,28.0,218.0,61.0,177.0,186.0,61.0,1498.0,276.0,5.0,80.0,826.0,29.0,32.0,826.0,0
-117.09373949702687,36.60802096280363,243.0,117,30,9197.0,447.0,64.0,382.0,137.0,325.0,372.0,120.0,79.0,12.0,1.0,50.0,35.0,7.0,14.0,33.0,0
-118.18826553290717,35.16980742853923,134.0,128,39,6949.0,316.0,-10.0,327.0,49.0,216.0,235.0,45.0,180.0,37.0,1.0,85.0,103.0,5.0,10.0,103.0,0
-117.98291044366978,36.35164651252076,162.0,118,33,8068.0,354.0,5.0,348.0,69.0,227.0,279.0,58.0,161.0,32.0,2.0,78.0,92.0,9.0,14.0,88.0,0
-115.66190302133748,33.430654780139854,217.0,135,40,7013.0,400.0,64.0,335.0,126.0,271.0,318.0,125.0,90.0,13.0,1.0,53.0,37.0,3.0,30.0,37.0,0
-118.4670783422502,37.04508485296724,2.0,117,36,7023.0,180.0,-140.0,320.0,-79.0,96.0,105.0,-86.0,455.0,77.0,14.0,60.0,226.0,43.0,44.0,212.0,0
-119.64439199484076,38.75190123427486,83.0,122,35,7495.0,276.0,-70.0,346.0,-11.0,175.0,194.0,-12.0,410.0,65.0,13.0,50.0,180.0,39.0,40.0,180.0,0
-122.61253646335793,39.954192827984606,150.0,120,38,6614.0,335.0,19.0,315.0,64.0,246.0,246.0,64.0,661.0,142.0,2.0,88.0,399.0,10.0,10.0,399.0,0
-121.80388870142392,41.97994092276758,94.0,119,35,7216.0,293.0,-39.0,333.0,13.0,205.0,205.0,3.0,310.0,47.0,6.0,46.0,135.0,27.0,27.0,129.0,0
-114.97677577215846,34.94641429208163,207.0,127,35,8184.0,398.0,37.0,360.0,120.0,278.0,321.0,97.0,146.0,20.0,1.0,49.0,57.0,6.0,53.0,50.0,0
-114.80624106961248,34.86307801261889,219.0,127,35,8211.0,409.0,49.0,360.0,124.0,290.0,333.0,109.0,129.0,20.0,1.0,53.0,57.0,4.0,38.0,54.0,0
-115.52411240424948,34.563598608062364,235.0,130,36,8044.0,427.0,67.0,360.0,341.0,302.0,348.0,127.0,149.0,22.0,1.0,49.0,60.0,8.0,60.0,47.0,0
-115.44436504046024,35.3081477191525,181.0,127,35,8257.0,375.0,11.0,363.0,296.0,252.0,296.0,70.0,202.0,27.0,3.0,45.0,80.0,12.0,80.0,68.0,0
-121.00673187103348,35.96188379069032,135.0,116,46,4361.0,272.0,22.0,249.0,78.0,190.0,195.0,75.0,486.0,104.0,0.0,94.0,297.0,2.0,3.0,296.0,0
-122.33095504506404,37.15846769078916,131.0,57,46,2167.0,197.0,73.0,123.0,101.0,159.0,160.0,101.0,860.0,174.0,3.0,86.0,491.0,12.0,16.0,491.0,0
-122.20983547521352,41.83092726944442,44.0,120,37,6741.0,235.0,-85.0,321.0,-29.0,146.0,146.0,-40.0,659.0,112.0,11.0,61.0,321.0,42.0,42.0,316.0,0
-122.49518925298122,37.84002393230212,146.0,79,45,3220.0,241.0,65.0,175.0,99.0,188.0,188.0,99.0,667.0,151.0,1.0,94.0,425.0,5.0,5.0,425.0,0
-123.25552174529844,41.12359116756047,58.0,112,40,5687.0,223.0,-55.0,279.0,-10.0,133.0,142.0,-13.0,1382.0,252.0,6.0,78.0,740.0,33.0,45.0,739.0,0
-114.76453175620397,34.62238294471033,223.0,127,35,8064.0,412.0,55.0,357.0,236.0,293.0,335.0,115.0,118.0,18.0,1.0,52.0,46.0,5.0,46.0,40.0,0
-124.29983877566008,40.41919103138115,115.0,50,39,2702.0,187.0,61.0,126.0,83.0,147.0,154.0,82.0,1713.0,303.0,3.0,78.0,895.0,24.0,39.0,895.0,0
-120.8777546447131,39.84529924553206,93.0,124,36,7147.0,287.0,-48.0,335.0,1.0,198.0,198.0,1.0,1227.0,259.0,4.0,81.0,715.0,17.0,17.0,715.0,0
-121.63628480574606,36.45277840988053,132.0,92,47,3282.0,236.0,43.0,192.0,86.0,173.0,176.0,85.0,544.0,112.0,1.0,88.0,311.0,5.0,5.0,311.0,0
-116.52421834721989,33.10176649756977,167.0,129,44,5596.0,326.0,35.0,291.0,98.0,203.0,250.0,96.0,350.0,65.0,2.0,78.0,185.0,14.0,27.0,184.0,0
-115.19608743339818,33.66911952829189,243.0,132,38,7514.0,429.0,82.0,346.0,143.0,304.0,349.0,143.0,77.0,12.0,0.0,59.0,35.0,1.0,26.0,35.0,0
-120.24463985111592,39.73798357321684,99.0,123,34,7681.0,299.0,-52.0,352.0,0.0,213.0,213.0,0.0,468.0,81.0,9.0,62.0,231.0,30.0,30.0,231.0,0
-120.91194880537952,38.79917708706863,163.0,122,38,6455.0,343.0,30.0,313.0,79.0,256.0,256.0,79.0,895.0,180.0,2.0,83.0,517.0,10.0,10.0,517.0,0
-115.60489007266752,34.08628981209174,215.0,132,37,7537.0,403.0,55.0,348.0,115.0,277.0,323.0,115.0,99.0,15.0,1.0,51.0,42.0,4.0,31.0,42.0,0
-117.10455952758736,34.645217257984704,160.0,131,39,7082.0,344.0,8.0,336.0,78.0,216.0,262.0,67.0,195.0,32.0,2.0,63.0,93.0,8.0,27.0,92.0,0
-121.00929236779704,39.85709178402765,83.0,123,37,6993.0,275.0,-56.0,331.0,-6.0,185.0,185.0,-6.0,1715.0,362.0,4.0,83.0,1007.0,21.0,21.0,1007.0,0
-120.8303613551098,41.813927107993,86.0,116,33,7596.0,289.0,-51.0,341.0,1.0,203.0,203.0,-9.0,387.0,56.0,8.0,45.0,159.0,28.0,28.0,150.0,0
-117.58336731193296,33.45402727812889,185.0,92,43,4150.0,301.0,87.0,213.0,138.0,233.0,246.0,133.0,283.0,60.0,1.0,91.0,176.0,4.0,5.0,159.0,0
-122.57280754369452,38.71282606366384,140.0,109,42,5017.0,287.0,28.0,258.0,71.0,209.0,209.0,71.0,843.0,199.0,1.0,94.0,560.0,6.0,6.0,560.0,0
-123.37780313545184,40.68793170009892,96.0,109,40,5546.0,257.0,-14.0,272.0,25.0,169.0,178.0,25.0,1401.0,285.0,3.0,89.0,838.0,18.0,23.0,838.0,0
-122.5104320390411,38.2893498500701,148.0,96,43,4115.0,268.0,50.0,218.0,89.0,202.0,202.0,89.0,740.0,175.0,1.0,96.0,492.0,6.0,6.0,492.0,0
-116.35495289720753,35.91501704565881,211.0,123,32,8724.0,411.0,35.0,375.0,110.0,287.0,333.0,93.0,106.0,19.0,1.0,64.0,56.0,7.0,20.0,49.0,0
-117.20603729761858,36.10182296909438,187.0,119,32,8489.0,383.0,19.0,363.0,89.0,259.0,307.0,73.0,127.0,21.0,2.0,58.0,63.0,10.0,30.0,50.0,0
-116.799416645892,32.9317172185632,160.0,116,45,4848.0,301.0,43.0,258.0,113.0,218.0,232.0,99.0,543.0,101.0,3.0,84.0,296.0,11.0,19.0,280.0,0
-121.82985300728106,37.39987460358554,137.0,97,46,3642.0,251.0,43.0,208.0,85.0,182.0,185.0,85.0,570.0,112.0,1.0,86.0,318.0,5.0,6.0,318.0,0
-122.23877636800913,41.722395974690784,46.0,121,37,6778.0,238.0,-84.0,322.0,-35.0,149.0,149.0,-38.0,682.0,108.0,12.0,56.0,315.0,46.0,46.0,314.0,0
-122.4032959924568,39.14017323169173,151.0,119,40,5936.0,322.0,26.0,296.0,72.0,234.0,234.0,72.0,618.0,140.0,1.0,93.0,399.0,5.0,5.0,399.0,0
-119.16612688566428,36.93351853956716,150.0,123,37,6980.0,334.0,8.0,326.0,69.0,254.0,254.0,62.0,670.0,137.0,1.0,87.0,391.0,5.0,5.0,380.0,0
-118.16545171830654,33.77252104890939,192.0,98,43,4307.0,312.0,88.0,223.0,142.0,243.0,255.0,137.0,317.0,74.0,0.0,98.0,208.0,1.0,2.0,195.0,0
-119.15915636381564,37.07622566083694,91.0,123,38,6768.0,271.0,-48.0,319.0,14.0,191.0,191.0,6.0,780.0,145.0,2.0,81.0,427.0,9.0,9.0,394.0,0
-119.12982501130794,34.20402755783904,184.0,87,43,3956.0,295.0,94.0,201.0,139.0,233.0,242.0,135.0,403.0,95.0,0.0,100.0,271.0,1.0,2.0,246.0,0
-121.70338011762962,40.64696943773932,69.0,122,36,7138.0,264.0,-68.0,333.0,-21.0,175.0,175.0,-21.0,1281.0,212.0,7.0,68.0,625.0,42.0,42.0,625.0,0
-123.09749010577733,40.06783438980887,75.0,115,40,5713.0,242.0,-40.0,283.0,1.0,151.0,158.0,1.0,1210.0,226.0,2.0,82.0,667.0,20.0,24.0,667.0,0
-120.40358086678704,39.05814454179444,88.0,123,37,6868.0,274.0,-52.0,327.0,0.0,189.0,189.0,0.0,1191.0,225.0,8.0,76.0,650.0,32.0,32.0,650.0,0
-117.01866715573276,34.809322435632,182.0,131,37,7451.0,371.0,24.0,346.0,92.0,242.0,289.0,83.0,137.0,22.0,1.0,59.0,65.0,6.0,24.0,64.0,0
-117.46629702557256,36.28140711578231,148.0,118,33,8215.0,340.0,-13.0,353.0,52.0,216.0,265.0,39.0,134.0,23.0,2.0,61.0,69.0,11.0,24.0,59.0,0
-116.74936096720155,36.40772885388427,214.0,119,31,8943.0,415.0,37.0,377.0,140.0,292.0,339.0,93.0,85.0,13.0,1.0,53.0,40.0,7.0,16.0,30.0,0
-120.15793572949042,38.87080068904781,39.0,123,37,6706.0,221.0,-101.0,323.0,-46.0,138.0,138.0,-46.0,1163.0,228.0,11.0,78.0,650.0,40.0,40.0,650.0,0
-116.89674678289693,33.9188581875084,169.0,131,41,6259.0,339.0,26.0,312.0,97.0,214.0,260.0,88.0,459.0,85.0,2.0,79.0,253.0,19.0,32.0,236.0,0
-123.17804905324049,39.18350532771108,145.0,92,40,4575.0,275.0,47.0,227.0,84.0,204.0,210.0,84.0,960.0,190.0,1.0,88.0,561.0,9.0,10.0,561.0,0
-124.02793584777272,40.89521776761242,138.0,73,40,3798.0,244.0,62.0,181.0,91.0,194.0,194.0,91.0,1112.0,216.0,3.0,79.0,611.0,22.0,22.0,611.0,0
-120.38287967787124,38.64486898322201,89.0,122,38,6498.0,268.0,-46.0,315.0,6.0,184.0,184.0,6.0,1277.0,242.0,6.0,78.0,690.0,24.0,24.0,690.0,0
-116.96043573302951,35.967235185913225,173.0,121,33,8370.0,368.0,6.0,361.0,75.0,245.0,291.0,61.0,92.0,15.0,1.0,61.0,47.0,6.0,24.0,39.0,0
-121.26389382001972,39.07209143451004,173.0,123,39,6478.0,355.0,40.0,314.0,88.0,265.0,265.0,88.0,768.0,148.0,2.0,81.0,419.0,8.0,8.0,419.0,0
-119.52654259264614,37.88444482194004,29.0,121,38,6637.0,207.0,-110.0,317.0,-51.0,127.0,127.0,-54.0,926.0,164.0,9.0,72.0,470.0,33.0,33.0,467.0,0
-122.21802004564702,37.78220129447696,151.0,89,45,3518.0,257.0,62.0,195.0,100.0,197.0,197.0,100.0,521.0,111.0,1.0,89.0,313.0,5.0,5.0,313.0,0
-121.62847929127558,39.30761482585184,180.0,123,38,6640.0,365.0,46.0,319.0,92.0,274.0,274.0,92.0,588.0,120.0,1.0,84.0,346.0,5.0,5.0,346.0,0
-116.96518542324203,34.63702181473292,166.0,132,38,7186.0,351.0,11.0,339.0,74.0,222.0,268.0,71.0,185.0,30.0,1.0,61.0,87.0,7.0,28.0,87.0,0
-120.01669848023266,40.53575683787857,98.0,119,32,8124.0,306.0,-55.0,361.0,-6.0,220.0,220.0,-6.0,228.0,29.0,6.0,39.0,88.0,21.0,21.0,88.0,0
-119.44968329342198,34.69996219860746,110.0,114,44,4945.0,253.0,-4.0,258.0,53.0,175.0,182.0,48.0,438.0,104.0,1.0,100.0,288.0,3.0,3.0,281.0,0
-114.5674069419079,33.78857772368916,239.0,130,37,7699.0,422.0,74.0,348.0,228.0,304.0,346.0,136.0,107.0,19.0,1.0,60.0,47.0,3.0,44.0,45.0,0
-119.79396954845215,38.68770289739914,85.0,122,36,7248.0,274.0,-64.0,338.0,-7.0,192.0,192.0,-7.0,558.0,108.0,8.0,72.0,300.0,27.0,27.0,300.0,0
-121.0426669429662,40.95964682039067,78.0,121,35,7506.0,278.0,-64.0,343.0,-17.0,191.0,191.0,-17.0,532.0,84.0,6.0,56.0,246.0,25.0,25.0,246.0,0
-116.71107231585783,34.35953921479926,158.0,133,39,6948.0,340.0,6.0,334.0,67.0,212.0,258.0,67.0,329.0,62.0,1.0,80.0,185.0,8.0,31.0,185.0,0
-114.60015647190625,33.86694107521207,236.0,129,37,7715.0,420.0,71.0,348.0,133.0,301.0,344.0,133.0,94.0,15.0,1.0,58.0,40.0,3.0,36.0,40.0,0
-119.54932632976124,34.4433316077704,169.0,97,44,4211.0,289.0,70.0,219.0,120.0,221.0,230.0,115.0,464.0,108.0,0.0,101.0,324.0,1.0,2.0,281.0,0
-115.8305398517554,34.59669397225125,228.0,131,36,7993.0,421.0,60.0,360.0,340.0,294.0,340.0,121.0,128.0,19.0,1.0,50.0,55.0,5.0,55.0,41.0,0
-116.57800573681818,36.26144338260545,192.0,120,32,8738.0,390.0,17.0,372.0,90.0,268.0,314.0,74.0,89.0,15.0,1.0,61.0,46.0,6.0,16.0,42.0,0
-116.80375390561284,35.139784956798174,191.0,128,35,7944.0,385.0,27.0,358.0,99.0,257.0,303.0,85.0,111.0,18.0,1.0,57.0,53.0,5.0,33.0,44.0,0
-114.53071241256244,33.83339704593314,251.0,129,36,7826.0,436.0,84.0,351.0,266.0,318.0,360.0,147.0,92.0,15.0,1.0,58.0,37.0,3.0,37.0,37.0,0
-116.96780813308052,33.04650778538396,178.0,110,44,4676.0,313.0,65.0,248.0,132.0,233.0,247.0,119.0,411.0,75.0,2.0,84.0,219.0,6.0,11.0,214.0,0
-122.41205380076964,39.15141397222484,151.0,119,40,5936.0,322.0,26.0,296.0,72.0,234.0,234.0,72.0,618.0,140.0,1.0,93.0,399.0,5.0,5.0,399.0,0
-117.12829667647132,35.01388812670194,193.0,129,36,7686.0,384.0,33.0,351.0,103.0,255.0,302.0,91.0,129.0,22.0,2.0,60.0,66.0,7.0,26.0,56.0,0
-122.11368992571558,40.7127398334799,147.0,122,35,7520.0,348.0,4.0,343.0,51.0,253.0,259.0,51.0,1594.0,299.0,5.0,78.0,864.0,36.0,37.0,864.0,0
-123.25875056979174,40.9819865054191,85.0,112,39,5796.0,252.0,-30.0,282.0,12.0,161.0,171.0,12.0,1061.0,180.0,5.0,72.0,535.0,31.0,40.0,535.0,0
-116.75527883666663,34.42374228077097,173.0,133,39,7095.0,357.0,18.0,338.0,85.0,228.0,274.0,79.0,308.0,52.0,1.0,70.0,153.0,9.0,36.0,152.0,0
-117.07622801816656,36.15648333933019,96.0,119,34,7884.0,283.0,-63.0,346.0,11.0,162.0,208.0,-8.0,116.0,18.0,2.0,56.0,55.0,10.0,28.0,45.0,0
-123.79056061170888,41.0586863276652,99.0,91,40,4624.0,232.0,7.0,224.0,42.0,159.0,168.0,42.0,1479.0,274.0,5.0,77.0,800.0,32.0,34.0,800.0,0
-121.2504563794114,37.02377006768755,140.0,117,46,4432.0,280.0,27.0,253.0,89.0,196.0,200.0,78.0,371.0,71.0,1.0,85.0,200.0,3.0,5.0,197.0,0
-118.08276778105008,34.3714522682463,113.0,124,43,5715.0,271.0,-17.0,288.0,46.0,186.0,196.0,40.0,519.0,105.0,2.0,88.0,314.0,7.0,12.0,276.0,0
-118.18768274479106,37.70436818137608,73.0,118,33,8014.0,265.0,-86.0,352.0,-28.0,104.0,190.0,-31.0,210.0,25.0,10.0,27.0,73.0,34.0,45.0,73.0,0
-122.32349027301645,39.13709245846839,166.0,120,40,6070.0,340.0,39.0,300.0,85.0,251.0,251.0,85.0,528.0,121.0,1.0,94.0,343.0,5.0,5.0,343.0,0
-115.83372520565892,35.93138844655105,197.0,124,33,8720.0,396.0,20.0,376.0,96.0,274.0,319.0,79.0,203.0,33.0,2.0,53.0,99.0,11.0,49.0,89.0,0
-123.89221500261613,41.3918714794045,120.0,82,40,4278.0,240.0,36.0,204.0,67.0,176.0,184.0,67.0,1774.0,313.0,6.0,76.0,926.0,41.0,42.0,926.0,0
-118.94759203569784,37.58850227867607,47.0,120,36,7198.0,231.0,-99.0,331.0,-43.0,154.0,154.0,-43.0,535.0,92.0,9.0,69.0,275.0,31.0,31.0,275.0,0
-122.92468152967491,39.0052157649348,134.0,101,41,4869.0,274.0,28.0,246.0,68.0,197.0,201.0,68.0,909.0,222.0,1.0,96.0,625.0,8.0,8.0,625.0,0
-115.07381186772837,33.11449131046565,236.0,134,39,7234.0,419.0,79.0,340.0,339.0,293.0,339.0,140.0,74.0,13.0,0.0,57.0,32.0,1.0,32.0,26.0,0
-117.49060861578424,36.33219114250744,175.0,118,32,8428.0,370.0,10.0,359.0,77.0,246.0,295.0,63.0,113.0,20.0,2.0,60.0,58.0,9.0,20.0,51.0,0
-115.8147797175772,34.42199971339035,231.0,132,36,7870.0,424.0,66.0,357.0,126.0,297.0,343.0,126.0,97.0,14.0,1.0,52.0,43.0,4.0,28.0,43.0,0
-122.5605570842131,41.9271725956546,109.0,119,37,6774.0,299.0,-19.0,318.0,33.0,212.0,212.0,24.0,526.0,96.0,8.0,67.0,274.0,32.0,32.0,271.0,0
-120.9715540137924,40.87391882770476,89.0,121,34,7606.0,292.0,-54.0,346.0,-6.0,204.0,204.0,-6.0,385.0,56.0,5.0,51.0,166.0,18.0,18.0,166.0,0
-121.10007530537833,41.03046211834688,97.0,121,34,7636.0,300.0,-46.0,346.0,0.0,213.0,213.0,0.0,399.0,57.0,5.0,51.0,169.0,20.0,20.0,169.0,0
-119.81327835456636,37.499998178958045,125.0,123,39,6429.0,301.0,-10.0,312.0,51.0,219.0,219.0,43.0,917.0,166.0,2.0,81.0,490.0,8.0,8.0,467.0,0
-118.47752450462002,32.946385907208864,157.0,26,35,1685.0,198.0,125.0,73.0,139.0,169.0,183.0,138.0,228.0,43.0,1.0,85.0,125.0,4.0,17.0,125.0,0
-115.45033482072624,34.32000104118735,241.0,131,36,7891.0,432.0,75.0,356.0,136.0,307.0,352.0,136.0,97.0,14.0,1.0,50.0,40.0,4.0,32.0,40.0,0
-119.24277495618024,34.385100662945845,163.0,100,43,4513.0,290.0,60.0,230.0,111.0,224.0,229.0,106.0,539.0,120.0,0.0,97.0,356.0,2.0,2.0,306.0,0
-119.6844639182942,38.78587920420416,92.0,123,35,7507.0,285.0,-60.0,346.0,-3.0,197.0,204.0,-3.0,397.0,65.0,11.0,54.0,181.0,35.0,36.0,181.0,0
-122.5317090807571,41.090515332832624,71.0,121,37,6768.0,260.0,-61.0,322.0,-15.0,172.0,172.0,-15.0,1378.0,252.0,9.0,74.0,725.0,45.0,45.0,725.0,0
-117.5468448638198,37.051819414063104,151.0,116,31,8595.0,348.0,-15.0,364.0,51.0,223.0,274.0,37.0,121.0,16.0,4.0,34.0,47.0,17.0,25.0,43.0,0
-116.9936805259267,33.604203985565285,170.0,124,43,5592.0,326.0,39.0,286.0,106.0,207.0,252.0,98.0,420.0,79.0,2.0,80.0,236.0,15.0,28.0,213.0,0
-119.07408946420576,34.282485846266624,182.0,96,43,4367.0,304.0,82.0,222.0,132.0,236.0,246.0,127.0,407.0,91.0,0.0,99.0,272.0,1.0,2.0,237.0,0
-122.6723368205649,39.000278326834106,138.0,111,41,5348.0,293.0,22.0,270.0,66.0,209.0,213.0,66.0,868.0,185.0,1.0,91.0,541.0,9.0,9.0,541.0,0
-121.27786673980395,36.97418865746292,136.0,117,46,4408.0,276.0,23.0,252.0,85.0,192.0,196.0,74.0,395.0,74.0,1.0,85.0,213.0,4.0,5.0,204.0,0
-117.21546030946172,32.71501655961547,183.0,81,44,3505.0,284.0,100.0,184.0,143.0,221.0,235.0,140.0,248.0,47.0,1.0,87.0,134.0,3.0,4.0,134.0,0
-120.01021367674656,33.98970307627404,157.0,45,43,2126.0,215.0,110.0,105.0,133.0,179.0,188.0,133.0,515.0,119.0,0.0,98.0,328.0,1.0,4.0,325.0,0
-123.07327263876716,41.33796374190495,88.0,115,38,6155.0,264.0,-32.0,296.0,10.0,169.0,180.0,10.0,855.0,161.0,5.0,80.0,477.0,26.0,32.0,477.0,0
-118.3265916425771,36.841244943782215,81.0,116,34,7545.0,266.0,-67.0,333.0,-6.0,182.0,192.0,-14.0,269.0,55.0,5.0,78.0,154.0,15.0,15.0,152.0,0
-117.96629953193096,35.23339419378345,185.0,128,37,7413.0,373.0,33.0,340.0,100.0,244.0,292.0,89.0,125.0,23.0,1.0,80.0,69.0,4.0,10.0,65.0,0
-121.62519430603125,39.71752906549279,159.0,122,37,6997.0,350.0,22.0,328.0,68.0,260.0,260.0,68.0,1170.0,248.0,2.0,84.0,695.0,11.0,11.0,695.0,0
-122.53765100733835,39.01114160576346,139.0,115,41,5574.0,301.0,19.0,281.0,64.0,217.0,217.0,64.0,793.0,155.0,1.0,86.0,452.0,8.0,8.0,452.0,0
-123.79148404102357,41.0113192638138,89.0,91,40,4595.0,221.0,-2.0,224.0,32.0,148.0,157.0,32.0,1676.0,324.0,4.0,81.0,933.0,32.0,34.0,933.0,0
-114.3518669933698,34.30306849782553,208.0,127,36,7836.0,391.0,42.0,349.0,105.0,276.0,317.0,103.0,138.0,23.0,1.0,57.0,62.0,4.0,46.0,62.0,0
-123.0441344158471,38.78777402714421,140.0,87,41,4122.0,258.0,48.0,209.0,84.0,192.0,197.0,84.0,1074.0,239.0,1.0,89.0,678.0,10.0,12.0,678.0,0
-124.0649172713987,41.15497217339789,122.0,69,40,3654.0,222.0,50.0,172.0,77.0,176.0,176.0,77.0,1572.0,291.0,5.0,77.0,833.0,31.0,31.0,833.0,0
-115.60638039990056,33.996227833986886,221.0,132,38,7470.0,409.0,62.0,346.0,287.0,281.0,328.0,122.0,79.0,13.0,1.0,54.0,34.0,3.0,33.0,30.0,0
-121.44932710143534,37.48473033766197,114.0,114,46,4384.0,252.0,4.0,248.0,54.0,170.0,173.0,52.0,386.0,75.0,1.0,86.0,214.0,4.0,6.0,214.0,0
-120.0350867568786,38.418670456800655,68.0,122,37,6670.0,248.0,-72.0,320.0,-16.0,166.0,166.0,-16.0,1171.0,232.0,9.0,77.0,646.0,29.0,29.0,646.0,0
-117.48729612573972,36.660536712166,143.0,116,32,8370.0,336.0,-20.0,356.0,46.0,241.0,263.0,32.0,137.0,22.0,3.0,52.0,64.0,14.0,23.0,57.0,0
-123.41424025130148,39.98429083789642,115.0,106,40,5297.0,268.0,7.0,261.0,47.0,184.0,192.0,47.0,1508.0,319.0,2.0,92.0,934.0,13.0,21.0,934.0,0
-116.6452773667048,33.09913861354489,140.0,125,44,5324.0,293.0,13.0,280.0,93.0,205.0,218.0,72.0,635.0,117.0,4.0,80.0,347.0,23.0,40.0,314.0,0
-116.7139249220264,36.40769319860623,214.0,119,31,8943.0,415.0,37.0,377.0,140.0,292.0,339.0,93.0,85.0,13.0,1.0,53.0,40.0,7.0,16.0,30.0,0
-116.58127644899984,36.26322533386581,192.0,120,32,8738.0,390.0,17.0,372.0,90.0,268.0,314.0,74.0,89.0,15.0,1.0,61.0,46.0,6.0,16.0,42.0,0
-120.89418398935582,38.73534042902208,160.0,122,39,6354.0,338.0,27.0,310.0,76.0,251.0,251.0,76.0,831.0,164.0,2.0,81.0,471.0,10.0,10.0,471.0,0
-117.88859945601652,36.09692200469608,136.0,120,34,7824.0,324.0,-19.0,344.0,44.0,199.0,248.0,34.0,215.0,41.0,2.0,72.0,120.0,13.0,26.0,105.0,0
-122.41724655703764,40.93413848000053,137.0,122,36,7253.0,334.0,-1.0,335.0,44.0,244.0,245.0,44.0,1304.0,268.0,4.0,83.0,758.0,27.0,27.0,758.0,0
-122.63735913305038,39.37335156987687,134.0,116,40,5863.0,303.0,12.0,291.0,56.0,217.0,217.0,56.0,704.0,159.0,1.0,90.0,447.0,8.0,8.0,447.0,0
-121.69351031767422,36.394440509723154,125.0,88,48,3146.0,225.0,40.0,184.0,81.0,164.0,167.0,81.0,597.0,130.0,1.0,91.0,364.0,5.0,5.0,364.0,0
-116.84621362146672,33.55453690533016,153.0,127,43,5664.0,311.0,20.0,291.0,88.0,190.0,236.0,80.0,453.0,83.0,2.0,77.0,249.0,17.0,37.0,226.0,0
-122.78095022346606,39.41081897205567,57.0,114,41,5407.0,217.0,-58.0,275.0,-14.0,133.0,133.0,-14.0,1108.0,219.0,2.0,83.0,627.0,16.0,16.0,627.0,0
-117.98704966503207,35.164674126508324,181.0,128,38,7292.0,367.0,30.0,337.0,97.0,238.0,286.0,86.0,132.0,24.0,1.0,80.0,73.0,4.0,10.0,69.0,0
-119.4948177174106,37.01544146198941,164.0,125,39,6689.0,346.0,24.0,321.0,107.0,263.0,263.0,80.0,640.0,114.0,1.0,79.0,333.0,4.0,4.0,309.0,0
-115.64965948352136,33.50735775955703,217.0,134,39,7072.0,400.0,63.0,337.0,163.0,271.0,319.0,124.0,87.0,13.0,1.0,55.0,36.0,3.0,30.0,36.0,0
-115.88745841540631,32.723431736037405,225.0,136,42,6353.0,400.0,81.0,319.0,143.0,269.0,318.0,143.0,127.0,22.0,1.0,60.0,61.0,4.0,29.0,61.0,0
-118.23929885045185,35.41231582029268,142.0,127,38,7157.0,327.0,-4.0,331.0,56.0,237.0,246.0,51.0,176.0,35.0,1.0,82.0,99.0,5.0,10.0,96.0,0
-120.9904462945549,36.72739574441758,115.0,125,45,4825.0,267.0,-6.0,273.0,57.0,179.0,181.0,48.0,346.0,69.0,1.0,87.0,199.0,3.0,3.0,193.0,0
-121.62784712237143,41.555253491183166,52.0,120,36,7109.0,249.0,-82.0,331.0,-34.0,160.0,160.0,-37.0,627.0,94.0,8.0,55.0,272.0,41.0,41.0,271.0,0
-123.47339689978575,40.8296106161325,121.0,106,40,5472.0,279.0,12.0,266.0,52.0,193.0,202.0,52.0,1077.0,202.0,3.0,80.0,598.0,21.0,26.0,598.0,0
-115.99160356148096,33.02141845987308,232.0,135,41,6479.0,408.0,86.0,322.0,147.0,277.0,326.0,147.0,92.0,17.0,1.0,61.0,47.0,3.0,20.0,47.0,0
-122.17623910395476,37.8180036982604,137.0,93,45,3664.0,248.0,45.0,203.0,84.0,184.0,185.0,84.0,630.0,134.0,1.0,88.0,377.0,5.0,5.0,377.0,0
-115.34653568239582,35.133344522488386,149.0,128,36,7931.0,339.0,-14.0,354.0,261.0,217.0,261.0,44.0,229.0,33.0,2.0,45.0,92.0,12.0,92.0,71.0,0
-121.88543193061253,41.80306361897532,75.0,120,36,7114.0,272.0,-58.0,331.0,-3.0,183.0,183.0,-14.0,513.0,75.0,10.0,47.0,216.0,43.0,43.0,209.0,0
-120.16312537418526,39.02311107355161,66.0,123,37,7002.0,253.0,-78.0,332.0,-23.0,169.0,169.0,-23.0,746.0,145.0,8.0,76.0,421.0,30.0,30.0,421.0,0
-122.54153462105464,38.09808597165183,153.0,89,44,3734.0,262.0,62.0,200.0,99.0,202.0,202.0,99.0,763.0,177.0,1.0,94.0,491.0,5.0,5.0,491.0,0
-122.118996831405,41.81826677169124,78.0,120,36,7034.0,274.0,-54.0,329.0,-7.0,185.0,185.0,-9.0,461.0,80.0,7.0,63.0,229.0,27.0,27.0,229.0,0
-116.3647601426938,33.07043021104462,155.0,132,44,5752.0,318.0,20.0,298.0,81.0,193.0,239.0,81.0,396.0,74.0,2.0,74.0,208.0,14.0,43.0,208.0,0
-121.4744749833378,40.22891260006615,93.0,122,36,7122.0,286.0,-45.0,332.0,1.0,197.0,197.0,1.0,968.0,179.0,4.0,73.0,512.0,23.0,23.0,512.0,0
-117.29294862506752,36.6006611050755,202.0,116,31,8836.0,401.0,30.0,371.0,100.0,278.0,327.0,84.0,84.0,13.0,2.0,48.0,37.0,8.0,18.0,34.0,0
-117.17067449904256,34.29635737122094,137.0,131,41,6448.0,310.0,-6.0,317.0,58.0,220.0,230.0,53.0,515.0,103.0,2.0,86.0,292.0,12.0,18.0,289.0,0
-121.91858147162716,37.26424764786228,146.0,86,47,3193.0,245.0,62.0,183.0,100.0,184.0,188.0,100.0,525.0,114.0,1.0,90.0,321.0,5.0,5.0,321.0,0
-122.73413473546016,40.2992432514602,148.0,121,37,6772.0,336.0,17.0,319.0,61.0,248.0,248.0,61.0,835.0,169.0,3.0,82.0,482.0,19.0,19.0,482.0,0
-118.5198286679978,37.69861400637955,95.0,118,33,7961.0,288.0,-61.0,350.0,-6.0,167.0,213.0,-6.0,253.0,39.0,8.0,50.0,117.0,33.0,36.0,117.0,0
-123.02093505987688,38.436627152097785,137.0,79,43,3561.0,238.0,54.0,184.0,87.0,180.0,185.0,87.0,1298.0,273.0,1.0,88.0,779.0,12.0,13.0,779.0,0
-120.40746109862684,37.892625845996506,163.0,123,40,6186.0,337.0,30.0,306.0,82.0,252.0,252.0,82.0,756.0,151.0,1.0,83.0,429.0,6.0,6.0,429.0,0
-122.68747437656585,38.33412286678927,154.0,92,43,4056.0,272.0,58.0,213.0,96.0,208.0,208.0,96.0,743.0,163.0,1.0,89.0,456.0,7.0,7.0,456.0,0
-116.36091312611626,33.3641646190382,196.0,133,42,6212.0,367.0,54.0,313.0,116.0,239.0,287.0,116.0,189.0,35.0,1.0,66.0,94.0,5.0,31.0,94.0,0
-115.79710549090927,34.962712551730554,216.0,129,35,8229.0,411.0,45.0,365.0,331.0,286.0,331.0,105.0,178.0,26.0,2.0,44.0,73.0,10.0,73.0,52.0,0
-115.5505370555515,35.40658137507771,158.0,127,35,8144.0,350.0,-9.0,360.0,272.0,228.0,272.0,49.0,275.0,40.0,4.0,43.0,119.0,20.0,119.0,71.0,0
-117.674129244348,36.13614925344333,110.0,119,34,7808.0,298.0,-44.0,343.0,19.0,174.0,223.0,8.0,153.0,27.0,2.0,59.0,78.0,12.0,32.0,62.0,0
-115.55482873957362,35.38527988431582,158.0,127,35,8144.0,350.0,-9.0,360.0,272.0,228.0,272.0,49.0,275.0,40.0,4.0,43.0,119.0,20.0,119.0,71.0,0
-121.45108135629071,37.40680092152918,118.0,113,46,4318.0,254.0,9.0,245.0,61.0,172.0,176.0,57.0,377.0,69.0,1.0,83.0,197.0,4.0,6.0,197.0,0
-117.20448008506544,34.49789900622296,170.0,131,39,6840.0,349.0,20.0,329.0,91.0,225.0,268.0,80.0,301.0,55.0,2.0,76.0,162.0,12.0,21.0,153.0,0
-121.49741193164704,40.79564971695494,117.0,121,35,7595.0,319.0,-26.0,346.0,20.0,230.0,230.0,20.0,589.0,99.0,4.0,67.0,291.0,20.0,20.0,291.0,0
-121.27661376917864,40.14735463479106,98.0,122,36,7189.0,293.0,-41.0,335.0,6.0,204.0,204.0,6.0,978.0,207.0,3.0,83.0,581.0,15.0,15.0,581.0,0
-122.4423679830262,41.778488437990845,112.0,120,36,6992.0,306.0,-20.0,326.0,34.0,218.0,218.0,24.0,498.0,84.0,9.0,60.0,241.0,34.0,34.0,239.0,0
-122.78258854687964,39.566496014269234,97.0,116,40,5775.0,264.0,-22.0,287.0,21.0,179.0,179.0,21.0,797.0,166.0,2.0,86.0,472.0,11.0,11.0,472.0,0
-116.01387017201712,33.0803125302236,231.0,135,42,6461.0,407.0,85.0,322.0,147.0,277.0,325.0,147.0,93.0,17.0,1.0,60.0,46.0,3.0,21.0,46.0,0
-114.39687340105912,34.292109931582694,195.0,127,36,7748.0,377.0,30.0,346.0,105.0,262.0,303.0,92.0,151.0,23.0,1.0,55.0,64.0,4.0,51.0,63.0,0
-118.08223406295396,35.04376384202864,174.0,129,38,7092.0,358.0,25.0,332.0,92.0,230.0,277.0,83.0,144.0,27.0,1.0,81.0,80.0,5.0,10.0,75.0,0
-116.6035108968016,33.609839403298295,128.0,131,43,5964.0,295.0,-9.0,304.0,57.0,170.0,216.0,51.0,347.0,67.0,1.0,73.0,184.0,12.0,44.0,180.0,0
-121.1874057220589,36.54502987942484,136.0,119,46,4456.0,278.0,21.0,256.0,74.0,192.0,197.0,74.0,319.0,70.0,1.0,93.0,197.0,3.0,3.0,197.0,0
-123.78525106493768,40.666257634075805,112.0,92,41,4587.0,244.0,20.0,224.0,55.0,171.0,180.0,55.0,1251.0,236.0,2.0,80.0,684.0,20.0,23.0,684.0,0
-115.711614905302,32.69097102988456,236.0,137,41,6585.0,414.0,87.0,326.0,150.0,283.0,331.0,150.0,101.0,16.0,1.0,59.0,47.0,3.0,27.0,47.0,0
-123.86503823990265,41.02076560206904,114.0,85,40,4374.0,238.0,27.0,211.0,62.0,174.0,179.0,59.0,1442.0,280.0,4.0,79.0,782.0,31.0,31.0,778.0,0
-118.60260249692436,37.34014329113946,95.0,118,34,7668.0,283.0,-56.0,340.0,-2.0,200.0,208.0,-2.0,328.0,58.0,8.0,64.0,169.0,28.0,28.0,169.0,0
-119.64127563317612,37.86525843315935,50.0,121,38,6551.0,227.0,-88.0,315.0,-32.0,146.0,146.0,-32.0,1021.0,200.0,7.0,77.0,562.0,24.0,24.0,562.0,0
-117.3538822930976,34.27621434543998,137.0,129,41,6251.0,306.0,-3.0,310.0,65.0,217.0,228.0,56.0,635.0,136.0,2.0,90.0,383.0,9.0,15.0,366.0,0
-120.6575586617051,38.90763674901332,107.0,122,38,6522.0,288.0,-27.0,315.0,23.0,202.0,202.0,23.0,1452.0,288.0,5.0,82.0,831.0,21.0,21.0,831.0,0
-124.09082290286406,41.62717853474163,123.0,66,39,3572.0,220.0,53.0,166.0,79.0,176.0,176.0,79.0,2111.0,384.0,7.0,78.0,1128.0,44.0,44.0,1128.0,0
-120.48352904484156,39.92797746722764,78.0,123,35,7438.0,275.0,-69.0,344.0,-18.0,187.0,187.0,-18.0,646.0,124.0,7.0,72.0,349.0,24.0,24.0,349.0,0
-121.21909109100064,39.36474982431451,151.0,123,38,6731.0,337.0,15.0,321.0,63.0,247.0,247.0,63.0,1288.0,273.0,1.0,87.0,769.0,10.0,10.0,769.0,0
-117.21311016280232,32.903628135587,182.0,86,44,3749.0,290.0,93.0,197.0,139.0,224.0,238.0,136.0,282.0,53.0,1.0,86.0,152.0,4.0,5.0,151.0,0
-122.92837980725594,39.88245345840079,66.0,116,40,5756.0,235.0,-51.0,286.0,-8.0,149.0,149.0,-8.0,1092.0,232.0,2.0,86.0,659.0,19.0,19.0,659.0,0
-115.27664539209776,33.0755452224582,247.0,135,39,7172.0,431.0,90.0,340.0,175.0,302.0,349.0,152.0,65.0,10.0,0.0,59.0,26.0,0.0,24.0,26.0,0
-122.65050913767054,37.88733516721221,141.0,73,45,3027.0,228.0,65.0,163.0,97.0,180.0,180.0,97.0,917.0,193.0,1.0,90.0,540.0,7.0,7.0,540.0,0
-121.5330710919332,41.29289526312137,86.0,120,35,7417.0,287.0,-52.0,340.0,-7.0,198.0,198.0,-7.0,715.0,107.0,7.0,59.0,320.0,32.0,32.0,320.0,0
-115.97441468903236,35.289952169252345,222.0,128,34,8468.0,420.0,48.0,372.0,340.0,295.0,340.0,107.0,150.0,20.0,3.0,39.0,57.0,10.0,57.0,42.0,0
-120.39101523015805,41.79728829377285,94.0,114,32,7865.0,301.0,-47.0,347.0,7.0,215.0,215.0,-5.0,375.0,53.0,9.0,45.0,152.0,28.0,28.0,149.0,0
-120.47868506994509,38.05337590096561,157.0,122,39,6202.0,331.0,24.0,306.0,76.0,247.0,247.0,76.0,866.0,183.0,1.0,87.0,516.0,7.0,7.0,516.0,0
-121.60933532474048,36.36898092873638,104.0,94,47,3365.0,211.0,14.0,197.0,57.0,149.0,149.0,57.0,714.0,143.0,1.0,88.0,403.0,5.0,5.0,403.0,0
-122.97270227033884,41.31127487281031,48.0,116,39,6079.0,223.0,-72.0,296.0,-28.0,128.0,138.0,-28.0,954.0,164.0,9.0,71.0,488.0,42.0,50.0,488.0,0
-117.44930826712816,33.56985455657633,153.0,105,43,4705.0,285.0,42.0,242.0,99.0,210.0,223.0,93.0,339.0,72.0,1.0,92.0,215.0,5.0,7.0,190.0,0
-124.00099951190408,40.82859091375798,125.0,73,40,3769.0,230.0,50.0,180.0,82.0,181.0,181.0,78.0,1291.0,237.0,4.0,75.0,659.0,27.0,27.0,655.0,0
-122.28607596154056,38.32281305749089,159.0,105,43,4562.0,294.0,52.0,242.0,95.0,219.0,220.0,95.0,584.0,123.0,1.0,89.0,347.0,5.0,5.0,347.0,0
-123.1449347654926,39.14779148992256,138.0,93,40,4586.0,268.0,39.0,229.0,76.0,196.0,202.0,76.0,1095.0,196.0,1.0,83.0,585.0,13.0,14.0,585.0,0
-115.91159400296678,35.655122293907866,195.0,126,33,8536.0,393.0,21.0,372.0,96.0,269.0,314.0,80.0,184.0,24.0,3.0,41.0,71.0,13.0,58.0,61.0,0
-122.70646205242684,38.31604522473656,152.0,90,43,3956.0,267.0,59.0,208.0,96.0,205.0,205.0,96.0,725.0,169.0,1.0,93.0,469.0,6.0,6.0,469.0,0
-118.00620542653962,33.81919991006013,195.0,103,43,4603.0,323.0,85.0,238.0,142.0,250.0,262.0,136.0,331.0,76.0,0.0,97.0,214.0,1.0,2.0,199.0,0
-121.9258001288479,40.36169530013756,141.0,122,35,7355.0,339.0,0.0,338.0,46.0,249.0,249.0,46.0,995.0,182.0,4.0,74.0,529.0,23.0,23.0,529.0,0
-123.02125848387432,41.66416562586633,91.0,115,38,6176.0,267.0,-29.0,296.0,13.0,172.0,184.0,13.0,789.0,160.0,7.0,82.0,475.0,28.0,31.0,475.0,0
-121.38174770681304,40.67014359175028,90.0,122,35,7398.0,289.0,-51.0,340.0,-4.0,200.0,200.0,-4.0,728.0,110.0,6.0,61.0,327.0,29.0,29.0,327.0,0
-116.65286109302548,33.492352296121005,138.0,130,43,5789.0,301.0,3.0,298.0,64.0,177.0,223.0,64.0,328.0,64.0,1.0,78.0,182.0,9.0,31.0,182.0,0
-114.79188330138932,33.64347796748533,237.0,131,37,7565.0,422.0,75.0,346.0,344.0,300.0,344.0,136.0,103.0,21.0,1.0,63.0,49.0,3.0,49.0,33.0,0
-121.27446326717994,40.014443636457486,114.0,123,36,7185.0,309.0,-26.0,335.0,21.0,219.0,219.0,21.0,1210.0,250.0,3.0,84.0,709.0,16.0,16.0,709.0,0
-123.865870047319,40.07421054277127,131.0,83,41,4167.0,250.0,46.0,203.0,78.0,184.0,192.0,78.0,1633.0,333.0,2.0,87.0,974.0,15.0,26.0,974.0,0
-120.41083838506243,41.65816619884218,93.0,115,32,7888.0,300.0,-49.0,349.0,5.0,214.0,214.0,-6.0,382.0,52.0,8.0,45.0,151.0,27.0,27.0,150.0,0
-115.89628204980204,34.44377097056527,222.0,132,37,7793.0,414.0,57.0,356.0,118.0,286.0,332.0,118.0,83.0,12.0,1.0,52.0,36.0,4.0,27.0,36.0,0
-116.60075029506558,35.84408109100538,248.0,123,32,8915.0,450.0,69.0,380.0,146.0,325.0,372.0,127.0,87.0,16.0,1.0,65.0,46.0,6.0,17.0,37.0,0
-114.84750575763675,33.32316034041833,241.0,132,38,7421.0,425.0,81.0,344.0,346.0,301.0,346.0,142.0,78.0,13.0,0.0,57.0,33.0,1.0,33.0,27.0,0
-123.43668667984292,39.40429896253745,123.0,86,40,4272.0,245.0,33.0,211.0,67.0,178.0,185.0,67.0,1343.0,256.0,2.0,81.0,737.0,15.0,23.0,737.0,0
-116.54756582172918,35.611174576799755,209.0,125,33,8492.0,407.0,37.0,370.0,110.0,282.0,328.0,95.0,108.0,20.0,1.0,66.0,58.0,5.0,22.0,49.0,0
-122.83933509448812,39.31712486893692,122.0,111,40,5448.0,279.0,7.0,272.0,49.0,199.0,199.0,49.0,881.0,179.0,1.0,85.0,512.0,10.0,10.0,512.0,0
