,Longitude,Latitude,bio_1,bio_2,bio_3,bio_4,bio_5,bio_6,bio_7,bio_8,bio_9,bio_10,bio_11,bio_12,bio_13,bio_14,bio_15,bio_16,bio_17,bio_18,bio_19,presence
0,-120.017764897,41.1721444026,104.0,116,32,8215.0,314.0,-46.0,360.0,9.0,228.0,228.0,-1.0,199.0,24.0,5.0,38.0,71.0,17.0,17.0,71.0,
1,-120.169579557,40.1072927486,113.0,121,33,8008.0,318.0,-41.0,360.0,9.0,232.0,232.0,9.0,264.0,47.0,5.0,59.0,134.0,17.0,17.0,134.0,
2,-120.044052425,39.9562182122,95.0,122,34,7902.0,298.0,-59.0,357.0,-7.0,212.0,212.0,-7.0,286.0,53.0,6.0,61.0,150.0,19.0,19.0,150.0,
3,-121.401983729,39.1380209946,179.0,123,38,6535.0,362.0,46.0,316.0,93.0,272.0,272.0,93.0,707.0,141.0,1.0,84.0,401.0,5.0,5.0,401.0,
4,-122.046261917,38.8158364686,165.0,120,41,5716.0,331.0,41.0,290.0,88.0,244.0,244.0,88.0,501.0,112.0,1.0,94.0,319.0,5.0,5.0,319.0,
5,-121.308197195,38.9109585822,179.0,123,39,6282.0,356.0,47.0,309.0,95.0,267.0,267.0,95.0,632.0,128.0,1.0,84.0,364.0,5.0,5.0,364.0,
6,-121.507555722,38.8671494715,178.0,123,40,6107.0,353.0,49.0,304.0,96.0,263.0,263.0,96.0,518.0,108.0,1.0,86.0,307.0,4.0,4.0,307.0,
7,-121.511002227,38.7556615888,178.0,123,40,5999.0,350.0,49.0,301.0,97.0,261.0,261.0,97.0,495.0,102.0,1.0,86.0,291.0,4.0,4.0,291.0,
8,-121.361486187,38.7538509851,178.0,123,40,6104.0,352.0,48.0,304.0,96.0,263.0,263.0,96.0,553.0,114.0,1.0,85.0,323.0,5.0,5.0,323.0,
9,-121.558422672,38.6470727183,176.0,122,41,5802.0,344.0,49.0,295.0,97.0,255.0,255.0,97.0,460.0,96.0,1.0,87.0,273.0,3.0,3.0,273.0,
10,-121.769846647,38.5987066375,172.0,120,41,5591.0,335.0,48.0,287.0,95.0,248.0,248.0,95.0,465.0,100.0,0.0,90.0,282.0,2.0,2.0,282.0,
11,-121.615401314,38.5333480879,173.0,121,42,5595.0,338.0,49.0,288.0,97.0,250.0,250.0,97.0,444.0,94.0,1.0,88.0,265.0,3.0,3.0,265.0,
12,-121.340857685,38.5800534306,177.0,123,41,5855.0,346.0,49.0,297.0,97.0,258.0,258.0,97.0,484.0,99.0,1.0,85.0,281.0,5.0,5.0,281.0,
13,-121.607512712,38.4389531518,172.0,121,42,5478.0,334.0,49.0,285.0,97.0,247.0,247.0,97.0,440.0,93.0,1.0,88.0,263.0,3.0,3.0,263.0,
14,-121.481280801,38.462440453,175.0,122,42,5646.0,340.0,49.0,290.0,98.0,252.0,252.0,98.0,445.0,92.0,1.0,87.0,261.0,3.0,3.0,261.0,
15,-121.161877987,38.503569465,178.0,123,40,5989.0,350.0,49.0,301.0,98.0,262.0,262.0,98.0,559.0,115.0,1.0,85.0,329.0,5.0,5.0,329.0,
16,-121.276184152,38.4258058635,176.0,123,41,5781.0,344.0,49.0,295.0,98.0,257.0,257.0,98.0,493.0,101.0,1.0,86.0,288.0,3.0,3.0,288.0,
17,-121.849253623,38.2749205251,166.0,115,43,4969.0,314.0,50.0,264.0,96.0,232.0,232.0,96.0,475.0,103.0,0.0,90.0,290.0,2.0,2.0,290.0,
18,-121.653540518,38.2641791116,169.0,119,43,5194.0,324.0,49.0,275.0,97.0,240.0,240.0,97.0,429.0,90.0,1.0,88.0,256.0,3.0,3.0,256.0,
19,-121.361889593,38.3084220528,175.0,122,42,5553.0,338.0,50.0,288.0,99.0,251.0,251.0,99.0,450.0,92.0,1.0,86.0,261.0,3.0,3.0,261.0,
20,-120.517642197,38.4195267745,134.0,122,39,6382.0,312.0,0.0,311.0,51.0,227.0,227.0,51.0,1060.0,216.0,3.0,83.0,614.0,12.0,12.0,614.0,
21,-119.475424376,38.551645111,107.0,122,34,7694.0,302.0,-47.0,349.0,9.0,216.0,222.0,9.0,275.0,47.0,8.0,58.0,132.0,25.0,25.0,132.0,
22,-121.385384514,38.1314091133,172.0,121,43,5303.0,330.0,50.0,280.0,99.0,244.0,244.0,99.0,412.0,83.0,1.0,85.0,235.0,3.0,3.0,235.0,
23,-121.249216084,38.1077624806,174.0,122,42,5447.0,335.0,50.0,285.0,99.0,249.0,249.0,99.0,421.0,84.0,1.0,85.0,239.0,3.0,3.0,239.0,
24,-121.746379581,37.9475969072,161.0,112,44,4593.0,301.0,49.0,251.0,96.0,222.0,222.0,96.0,347.0,75.0,1.0,90.0,215.0,3.0,3.0,215.0,
25,-121.371668484,37.9495083521,170.0,120,43,5100.0,324.0,50.0,274.0,99.0,239.0,239.0,99.0,348.0,70.0,1.0,84.0,196.0,3.0,3.0,196.0,
26,-121.127466453,37.9539563995,174.0,122,43,5371.0,333.0,50.0,283.0,100.0,248.0,248.0,100.0,360.0,70.0,1.0,83.0,200.0,3.0,3.0,200.0,
27,-121.23787777,37.8765951526,172.0,121,43,5219.0,328.0,50.0,278.0,100.0,243.0,243.0,100.0,336.0,66.0,1.0,83.0,186.0,3.0,3.0,186.0,
28,-120.884936971,37.9245873435,177.0,123,41,5686.0,343.0,49.0,293.0,100.0,254.0,257.0,100.0,428.0,83.0,1.0,83.0,238.0,5.0,5.0,238.0,
29,-121.148531701,37.7687128961,172.0,122,43,5208.0,328.0,50.0,278.0,100.0,243.0,243.0,100.0,325.0,61.0,1.0,81.0,173.0,3.0,3.0,173.0,
30,-120.855404138,37.8212820587,177.0,123,42,5633.0,341.0,49.0,292.0,101.0,250.0,255.0,101.0,404.0,77.0,1.0,83.0,220.0,5.0,5.0,220.0,
31,-121.264318683,37.7289648107,169.0,120,44,4987.0,321.0,50.0,270.0,100.0,236.0,237.0,100.0,308.0,59.0,1.0,82.0,166.0,3.0,3.0,166.0,
32,-121.113152844,37.6771747149,172.0,122,43,5191.0,328.0,50.0,278.0,101.0,243.0,243.0,101.0,319.0,59.0,1.0,82.0,167.0,3.0,3.0,167.0,
33,-120.526288872,37.7495074801,180.0,124,40,5983.0,351.0,49.0,302.0,101.0,266.0,266.0,101.0,517.0,100.0,1.0,84.0,286.0,5.0,5.0,286.0,
34,-120.913494977,37.6550782749,176.0,124,42,5456.0,338.0,50.0,288.0,102.0,246.0,252.0,102.0,342.0,65.0,1.0,83.0,184.0,4.0,5.0,184.0,
35,-120.766726583,37.6529950816,178.0,124,42,5622.0,343.0,50.0,293.0,102.0,251.0,257.0,102.0,371.0,72.0,1.0,83.0,203.0,5.0,5.0,203.0,
36,-121.04587823,37.5876504297,172.0,122,43,5186.0,329.0,50.0,279.0,108.0,239.0,244.0,101.0,319.0,59.0,1.0,82.0,166.0,4.0,5.0,165.0,
37,-120.862082895,37.57160519,176.0,124,43,5457.0,338.0,50.0,288.0,102.0,247.0,252.0,102.0,336.0,64.0,1.0,83.0,180.0,4.0,5.0,180.0,
38,-120.61503427,37.6080014433,180.0,125,41,5805.0,349.0,50.0,298.0,102.0,261.0,262.0,102.0,417.0,82.0,1.0,85.0,235.0,3.0,3.0,235.0,
39,-120.720531112,37.5468046471,178.0,125,42,5623.0,343.0,50.0,293.0,102.0,251.0,257.0,102.0,359.0,68.0,1.0,83.0,192.0,4.0,5.0,192.0,
40,-121.067090568,37.4631198195,172.0,122,44,5099.0,326.0,50.0,276.0,113.0,237.0,242.0,101.0,303.0,57.0,1.0,83.0,162.0,4.0,5.0,160.0,
41,-120.896348132,37.4491452264,175.0,124,43,5327.0,335.0,50.0,285.0,114.0,244.0,249.0,102.0,309.0,59.0,1.0,82.0,164.0,4.0,5.0,163.0,
42,-120.737925079,37.445952976,178.0,125,42,5559.0,342.0,50.0,292.0,103.0,256.0,256.0,103.0,325.0,63.0,1.0,84.0,177.0,3.0,3.0,177.0,
43,-120.481885449,37.4690758252,182.0,125,41,5885.0,352.0,51.0,300.0,104.0,266.0,266.0,104.0,394.0,73.0,1.0,83.0,212.0,3.0,3.0,212.0,
44,-121.03382263,37.3450934444,171.0,123,44,5091.0,326.0,49.0,277.0,113.0,241.0,241.0,101.0,298.0,59.0,1.0,85.0,165.0,3.0,3.0,163.0,
45,-120.849810556,37.3452739799,175.0,125,43,5349.0,336.0,49.0,286.0,114.0,249.0,249.0,102.0,299.0,58.0,1.0,84.0,163.0,3.0,3.0,161.0,
46,-120.679232845,37.3628784355,179.0,126,42,5578.0,344.0,50.0,294.0,115.0,257.0,257.0,103.0,309.0,60.0,1.0,85.0,170.0,3.0,3.0,168.0,
47,-121.029460079,37.2511886833,171.0,123,44,5051.0,325.0,48.0,276.0,113.0,236.0,240.0,100.0,291.0,58.0,1.0,86.0,163.0,3.0,3.0,161.0,
48,-120.410591011,37.3633378499,183.0,126,41,5927.0,354.0,51.0,303.0,105.0,267.0,268.0,105.0,382.0,74.0,0.0,86.0,213.0,2.0,2.0,213.0,
49,-120.802372246,37.247693156,176.0,126,43,5362.0,337.0,49.0,288.0,115.0,249.0,250.0,103.0,275.0,53.0,1.0,84.0,152.0,3.0,3.0,148.0,
50,-120.629215754,37.275782384,180.0,127,42,5603.0,346.0,50.0,295.0,116.0,252.0,258.0,104.0,290.0,55.0,0.0,85.0,159.0,2.0,2.0,157.0,
51,-120.258112827,37.3481035116,184.0,125,41,6065.0,358.0,51.0,306.0,106.0,272.0,272.0,105.0,411.0,76.0,1.0,84.0,222.0,3.0,3.0,222.0,
52,-120.94792373,37.1680443777,173.0,125,44,5154.0,330.0,49.0,281.0,114.0,239.0,244.0,102.0,275.0,54.0,1.0,85.0,153.0,3.0,3.0,149.0,
53,-121.568267464,37.0300851226,154.0,103,47,3799.0,274.0,54.0,219.0,100.0,203.0,205.0,100.0,392.0,84.0,1.0,91.0,237.0,3.0,3.0,237.0,
54,-119.765261236,37.4034669752,150.0,123,39,6511.0,328.0,13.0,314.0,69.0,246.0,246.0,67.0,804.0,161.0,1.0,83.0,441.0,6.0,6.0,440.0,
55,-120.720561782,37.1711562142,178.0,127,43,5467.0,341.0,49.0,292.0,116.0,248.0,254.0,103.0,266.0,51.0,0.0,84.0,147.0,1.0,2.0,143.0,
56,-120.284600379,37.2400346764,185.0,126,41,6018.0,358.0,52.0,306.0,106.0,272.0,272.0,106.0,360.0,66.0,1.0,84.0,194.0,3.0,3.0,194.0,
57,-120.54180142,37.1820461259,182.0,128,42,5730.0,350.0,51.0,299.0,117.0,257.0,263.0,105.0,286.0,53.0,0.0,84.0,155.0,1.0,2.0,153.0,
58,-120.839387467,37.093053947,174.0,126,44,5258.0,334.0,48.0,286.0,114.0,242.0,247.0,102.0,257.0,50.0,1.0,84.0,143.0,3.0,3.0,138.0,
59,-121.110535156,37.014631658,156.0,122,45,4778.0,305.0,36.0,268.0,100.0,216.0,221.0,89.0,295.0,58.0,1.0,86.0,165.0,3.0,3.0,161.0,
60,-121.566119588,36.8950165127,152.0,102,47,3713.0,270.0,54.0,215.0,99.0,201.0,202.0,99.0,372.0,80.0,1.0,92.0,226.0,3.0,3.0,226.0,
61,-120.652151393,37.0815542121,179.0,128,43,5543.0,345.0,49.0,295.0,116.0,251.0,257.0,104.0,248.0,47.0,0.0,84.0,136.0,1.0,2.0,133.0,
62,-120.452404028,37.1006031751,183.0,128,42,5802.0,353.0,51.0,302.0,117.0,259.0,265.0,105.0,280.0,51.0,0.0,84.0,150.0,1.0,2.0,149.0,
63,-120.767640179,37.01362282,176.0,127,43,5360.0,338.0,48.0,290.0,115.0,245.0,250.0,103.0,237.0,46.0,0.0,85.0,133.0,1.0,2.0,128.0,
64,-120.252454639,37.0925038151,185.0,128,41,5978.0,358.0,51.0,306.0,111.0,263.0,271.0,106.0,311.0,56.0,0.0,84.0,166.0,2.0,2.0,166.0,
65,-120.110698969,37.0896631213,187.0,127,41,6150.0,362.0,52.0,310.0,112.0,275.0,275.0,106.0,356.0,65.0,1.0,83.0,191.0,3.0,3.0,191.0,
66,-120.565180662,36.9780830912,180.0,129,43,5628.0,348.0,49.0,299.0,117.0,253.0,259.0,104.0,241.0,45.0,0.0,84.0,130.0,1.0,2.0,129.0,
67,-120.3551775,36.9950052855,184.0,129,42,5862.0,356.0,51.0,305.0,107.0,261.0,267.0,106.0,260.0,47.0,0.0,84.0,139.0,1.0,1.0,139.0,
68,-120.707180832,36.9212858787,177.0,129,43,5456.0,342.0,48.0,294.0,115.0,248.0,253.0,103.0,228.0,44.0,0.0,84.0,125.0,1.0,2.0,123.0,
69,-121.712602831,36.7041458327,152.0,87,47,3128.0,251.0,68.0,183.0,107.0,189.0,194.0,107.0,372.0,79.0,1.0,89.0,221.0,4.0,5.0,221.0,
70,-119.98250737,37.0164466961,188.0,127,40,6253.0,364.0,52.0,313.0,115.0,279.0,279.0,107.0,353.0,66.0,1.0,83.0,190.0,3.0,3.0,190.0,
71,-120.159291332,36.9704827277,187.0,128,41,6075.0,361.0,52.0,309.0,109.0,267.0,274.0,107.0,291.0,53.0,0.0,83.0,156.0,2.0,2.0,156.0,
72,-120.460365625,36.8982329358,181.0,130,43,5707.0,351.0,49.0,302.0,105.0,256.0,262.0,105.0,234.0,44.0,0.0,83.0,127.0,1.0,2.0,127.0,
73,-120.334365466,36.8943984274,184.0,130,42,5844.0,355.0,50.0,305.0,106.0,267.0,267.0,106.0,242.0,44.0,0.0,84.0,130.0,0.0,0.0,130.0,
74,-121.528918145,36.6361924564,152.0,102,47,3711.0,270.0,53.0,216.0,106.0,196.0,201.0,99.0,409.0,85.0,1.0,89.0,235.0,4.0,5.0,234.0,
75,-120.192853528,36.8540525092,186.0,130,42,6005.0,360.0,51.0,309.0,107.0,272.0,272.0,107.0,249.0,45.0,0.0,84.0,133.0,0.0,0.0,133.0,
76,-119.972963662,36.895064831,188.0,129,41,6217.0,365.0,52.0,313.0,115.0,278.0,278.0,108.0,296.0,55.0,0.0,84.0,159.0,0.0,0.0,159.0,
77,-120.333602448,36.7990656182,183.0,131,42,5826.0,355.0,49.0,306.0,106.0,266.0,266.0,106.0,226.0,42.0,0.0,85.0,123.0,0.0,0.0,123.0,
78,-119.820954689,36.9023350764,190.0,128,40,6381.0,368.0,52.0,316.0,110.0,283.0,283.0,107.0,347.0,66.0,0.0,84.0,190.0,1.0,1.0,190.0,
79,-121.442186033,36.5370200669,158.0,107,47,3900.0,282.0,55.0,227.0,105.0,207.0,210.0,103.0,394.0,82.0,1.0,89.0,226.0,3.0,4.0,226.0,
80,-119.63666966,36.8713931362,191.0,127,39,6537.0,371.0,51.0,319.0,117.0,287.0,287.0,107.0,377.0,70.0,0.0,83.0,202.0,1.0,1.0,200.0,
81,-120.18697057,36.7490149264,186.0,131,42,5978.0,360.0,50.0,310.0,107.0,271.0,271.0,107.0,222.0,41.0,0.0,83.0,119.0,0.0,0.0,119.0,
82,-120.359383093,36.6971280911,183.0,132,43,5800.0,354.0,48.0,306.0,105.0,265.0,265.0,105.0,207.0,40.0,0.0,86.0,117.0,0.0,0.0,117.0,
83,-119.894361681,36.7874254859,189.0,129,41,6265.0,367.0,52.0,315.0,118.0,280.0,280.0,108.0,269.0,50.0,0.0,84.0,146.0,0.0,0.0,144.0,
84,-120.014058013,36.7570114176,188.0,130,41,6145.0,364.0,51.0,313.0,116.0,276.0,276.0,107.0,248.0,46.0,0.0,84.0,133.0,0.0,0.0,133.0,
85,-120.54034862,36.645096076,176.0,131,43,5590.0,344.0,43.0,300.0,100.0,248.0,254.0,100.0,216.0,44.0,0.0,86.0,127.0,1.0,2.0,127.0,
86,-121.379073813,36.4568635587,159.0,109,47,3977.0,285.0,54.0,231.0,103.0,213.0,213.0,103.0,380.0,80.0,1.0,89.0,224.0,3.0,3.0,224.0,
87,-119.617877476,36.7781899873,192.0,128,39,6549.0,372.0,52.0,320.0,118.0,288.0,288.0,108.0,355.0,67.0,0.0,83.0,191.0,0.0,0.0,190.0,
88,-120.171329334,36.6578786023,186.0,132,42,5960.0,359.0,49.0,310.0,107.0,271.0,271.0,107.0,209.0,40.0,0.0,84.0,114.0,0.0,0.0,114.0,
89,-121.290788593,36.3793715272,161.0,115,46,4256.0,296.0,50.0,245.0,107.0,218.0,219.0,101.0,376.0,76.0,1.0,89.0,214.0,3.0,3.0,212.0,
90,-119.839634167,36.677153551,190.0,130,41,6281.0,368.0,52.0,316.0,119.0,281.0,281.0,108.0,251.0,47.0,0.0,83.0,136.0,0.0,0.0,133.0,
91,-120.025870499,36.5961255084,188.0,131,41,6111.0,364.0,50.0,313.0,119.0,276.0,276.0,108.0,212.0,40.0,0.0,84.0,115.0,0.0,0.0,113.0,
92,-119.536241279,36.6796088549,193.0,128,39,6608.0,375.0,53.0,321.0,118.0,290.0,290.0,109.0,338.0,66.0,0.0,85.0,186.0,0.0,0.0,185.0,
93,-121.181767576,36.3090972426,162.0,117,46,4390.0,300.0,48.0,252.0,103.0,218.0,222.0,100.0,368.0,76.0,1.0,89.0,211.0,3.0,3.0,210.0,
94,-119.781714243,36.5932344368,191.0,130,41,6339.0,369.0,52.0,317.0,119.0,283.0,283.0,109.0,247.0,46.0,0.0,84.0,135.0,0.0,0.0,131.0,
95,-119.638384331,36.5917328584,192.0,129,40,6455.0,372.0,53.0,319.0,119.0,286.0,286.0,109.0,279.0,52.0,0.0,84.0,152.0,0.0,0.0,148.0,
96,-119.381667149,36.6231380499,195.0,127,39,6712.0,377.0,54.0,323.0,110.0,294.0,294.0,110.0,359.0,70.0,0.0,84.0,195.0,0.0,0.0,195.0,
97,-120.015688104,36.478167015,187.0,132,42,6083.0,363.0,49.0,314.0,119.0,275.0,275.0,108.0,198.0,39.0,0.0,83.0,109.0,0.0,0.0,107.0,
98,-119.881652579,36.4952818903,189.0,132,41,6198.0,366.0,50.0,316.0,119.0,279.0,279.0,108.0,209.0,40.0,0.0,83.0,115.0,0.0,0.0,110.0,
99,-119.500475447,36.5610824702,194.0,128,40,6566.0,375.0,54.0,321.0,120.0,290.0,290.0,110.0,302.0,59.0,0.0,85.0,166.0,0.0,0.0,165.0,
100,-121.081818105,36.2268266529,158.0,120,46,4572.0,301.0,40.0,260.0,105.0,216.0,220.0,94.0,404.0,82.0,1.0,90.0,234.0,3.0,3.0,229.0,
101,-120.300106145,36.3633813289,175.0,133,43,5730.0,346.0,40.0,306.0,99.0,250.0,257.0,99.0,215.0,47.0,0.0,90.0,132.0,1.0,2.0,132.0,
102,-119.708248407,36.4779024588,192.0,130,40,6385.0,371.0,53.0,319.0,120.0,285.0,285.0,110.0,237.0,45.0,0.0,84.0,131.0,0.0,0.0,126.0,
103,-119.811577498,36.4047384236,190.0,132,41,6254.0,368.0,51.0,317.0,120.0,281.0,281.0,109.0,209.0,40.0,0.0,84.0,116.0,0.0,0.0,111.0,
104,-121.057588204,36.1379748248,162.0,119,46,4509.0,303.0,46.0,257.0,99.0,218.0,224.0,99.0,357.0,76.0,1.0,91.0,214.0,3.0,3.0,214.0,
105,-119.538079726,36.4483136991,194.0,129,40,6533.0,375.0,54.0,321.0,121.0,290.0,290.0,111.0,265.0,52.0,0.0,85.0,146.0,0.0,0.0,143.0,
106,-119.246151368,36.4912591633,198.0,126,38,6860.0,381.0,55.0,325.0,112.0,299.0,299.0,110.0,387.0,76.0,1.0,84.0,209.0,3.0,3.0,209.0,
107,-120.048493525,36.3273209395,184.0,133,42,5993.0,359.0,46.0,312.0,117.0,263.0,270.0,105.0,193.0,39.0,0.0,84.0,110.0,2.0,2.0,105.0,
108,-120.222059997,36.254165718,179.0,134,43,5798.0,350.0,42.0,307.0,109.0,254.0,261.0,101.0,201.0,43.0,0.0,90.0,120.0,1.0,2.0,120.0,
109,-119.361314167,36.4038074575,197.0,128,39,6693.0,378.0,55.0,323.0,114.0,295.0,295.0,112.0,309.0,60.0,0.0,84.0,167.0,0.0,0.0,167.0,
110,-119.75469739,36.3178659067,191.0,132,41,6270.0,369.0,51.0,317.0,120.0,282.0,282.0,110.0,203.0,40.0,0.0,84.0,114.0,0.0,0.0,108.0,
111,-120.941007207,36.0650563141,163.0,121,46,4657.0,308.0,45.0,263.0,100.0,222.0,228.0,99.0,335.0,71.0,1.0,90.0,199.0,3.0,3.0,198.0,
112,-119.550180787,36.3497464954,194.0,130,40,6472.0,374.0,54.0,320.0,121.0,289.0,289.0,111.0,237.0,47.0,0.0,85.0,131.0,0.0,0.0,128.0,
113,-121.229600748,35.9884226515,145.0,107,47,3953.0,269.0,41.0,228.0,90.0,193.0,199.0,90.0,436.0,98.0,0.0,96.0,281.0,1.0,2.0,281.0,
114,-120.371763334,36.1684981778,169.0,133,44,5596.0,336.0,34.0,302.0,105.0,241.0,248.0,94.0,236.0,51.0,1.0,93.0,146.0,3.0,3.0,143.0,
115,-120.191171957,36.1661780194,177.0,134,43,5786.0,348.0,40.0,307.0,111.0,253.0,259.0,100.0,206.0,43.0,0.0,88.0,121.0,1.0,2.0,118.0,
116,-119.175287588,36.3432463462,197.0,127,38,6862.0,380.0,54.0,325.0,110.0,298.0,298.0,110.0,380.0,75.0,0.0,84.0,207.0,2.0,2.0,207.0,
117,-119.717851431,36.2258231972,192.0,132,41,6291.0,370.0,51.0,318.0,121.0,283.0,283.0,110.0,197.0,39.0,0.0,84.0,111.0,0.0,0.0,105.0,
118,-120.881065496,35.9830226484,162.0,120,46,4634.0,305.0,44.0,261.0,98.0,220.0,226.0,98.0,331.0,72.0,0.0,93.0,204.0,2.0,2.0,204.0,
119,-119.357842879,36.2915598291,197.0,128,39,6667.0,378.0,55.0,323.0,121.0,294.0,294.0,112.0,281.0,54.0,0.0,84.0,152.0,0.0,0.0,149.0,
120,-120.328518391,36.0814317559,162.0,133,44,5558.0,329.0,28.0,300.0,97.0,240.0,241.0,88.0,278.0,55.0,1.0,85.0,155.0,3.0,3.0,154.0,
121,-119.504957498,36.1922398222,195.0,130,40,6475.0,375.0,54.0,321.0,122.0,290.0,290.0,112.0,214.0,41.0,0.0,84.0,118.0,0.0,0.0,113.0,
122,-120.172217791,36.0400136889,171.0,133,43,5704.0,340.0,35.0,305.0,105.0,245.0,252.0,95.0,217.0,45.0,0.0,87.0,127.0,1.0,2.0,123.0,
123,-119.690211005,36.1297044899,193.0,132,41,6307.0,370.0,52.0,318.0,121.0,284.0,284.0,111.0,191.0,37.0,0.0,84.0,108.0,0.0,0.0,102.0,
124,-119.239418835,36.214335695,198.0,128,39,6782.0,381.0,56.0,325.0,121.0,298.0,298.0,112.0,303.0,60.0,0.0,84.0,166.0,2.0,2.0,165.0,
125,-120.856424995,35.8670887454,159.0,118,46,4540.0,299.0,43.0,256.0,96.0,216.0,222.0,96.0,348.0,76.0,1.0,93.0,215.0,3.0,3.0,215.0,
126,-120.070662675,35.9677606895,172.0,134,43,5823.0,343.0,35.0,308.0,106.0,251.0,255.0,95.0,209.0,43.0,0.0,89.0,129.0,1.0,2.0,117.0,
127,-119.367191378,36.1010734373,198.0,129,40,6620.0,379.0,56.0,323.0,123.0,295.0,295.0,113.0,232.0,45.0,0.0,84.0,127.0,0.0,0.0,122.0,
128,-119.588898203,36.0327466576,194.0,132,41,6353.0,372.0,53.0,319.0,123.0,287.0,287.0,112.0,183.0,35.0,0.0,83.0,103.0,0.0,0.0,96.0,
129,-119.224981636,36.0786114469,199.0,128,39,6737.0,381.0,56.0,324.0,123.0,291.0,298.0,113.0,265.0,51.0,0.0,83.0,143.0,2.0,2.0,140.0,
130,-120.904887979,35.7302086746,151.0,112,46,4248.0,282.0,42.0,240.0,93.0,204.0,210.0,93.0,431.0,85.0,0.0,89.0,247.0,2.0,2.0,247.0,
131,-120.704538635,35.763068591,159.0,121,45,4734.0,304.0,39.0,264.0,104.0,218.0,225.0,94.0,380.0,78.0,1.0,91.0,227.0,3.0,3.0,218.0,
132,-119.731278461,35.9565970377,192.0,133,41,6201.0,368.0,51.0,316.0,122.0,273.0,281.0,111.0,172.0,33.0,0.0,82.0,98.0,1.0,2.0,89.0,
133,-119.397781008,36.0002101121,198.0,130,40,6556.0,377.0,56.0,322.0,124.0,292.0,293.0,114.0,210.0,40.0,0.0,84.0,116.0,0.0,0.0,110.0,
134,-119.56622223,35.9394978266,195.0,132,41,6367.0,373.0,54.0,319.0,123.0,287.0,288.0,113.0,177.0,34.0,0.0,83.0,100.0,0.0,0.0,92.0,
135,-119.179367815,35.9869038851,200.0,129,39,6759.0,381.0,56.0,325.0,123.0,298.0,298.0,113.0,265.0,51.0,0.0,83.0,143.0,2.0,2.0,140.0,
136,-120.068483992,35.804928709,175.0,133,43,5734.0,344.0,39.0,305.0,110.0,250.0,257.0,99.0,198.0,43.0,0.0,91.0,122.0,1.0,2.0,118.0,
137,-119.010947931,35.9937232594,199.0,127,38,6941.0,382.0,54.0,328.0,112.0,301.0,301.0,111.0,341.0,65.0,0.0,83.0,181.0,2.0,2.0,181.0,
138,-120.6324152,35.6614130174,159.0,118,45,4634.0,301.0,42.0,258.0,102.0,218.0,224.0,96.0,405.0,84.0,0.0,91.0,236.0,2.0,2.0,236.0,
139,-119.666745771,35.8475270166,193.0,132,41,6251.0,369.0,52.0,317.0,123.0,275.0,284.0,112.0,164.0,31.0,0.0,82.0,93.0,2.0,2.0,84.0,
140,-119.319303459,35.9057194427,199.0,130,40,6606.0,379.0,56.0,323.0,124.0,286.0,296.0,115.0,211.0,40.0,0.0,82.0,114.0,2.0,2.0,107.0,
141,-120.461151433,35.6558317527,159.0,124,45,4936.0,309.0,35.0,273.0,99.0,222.0,229.0,92.0,365.0,74.0,0.0,90.0,210.0,1.0,2.0,207.0,
142,-119.796224349,35.7873803988,188.0,133,42,6027.0,361.0,48.0,312.0,120.0,267.0,275.0,109.0,162.0,32.0,0.0,85.0,96.0,1.0,2.0,88.0,
143,-119.903655226,35.7354602685,183.0,133,43,5894.0,354.0,45.0,309.0,116.0,260.0,268.0,106.0,169.0,34.0,0.0,86.0,100.0,1.0,2.0,93.0,
144,-120.741220665,35.5547536764,155.0,112,46,4320.0,287.0,44.0,242.0,96.0,208.0,215.0,96.0,395.0,89.0,0.0,95.0,249.0,1.0,2.0,249.0,
145,-120.609297327,35.5726232865,156.0,117,45,4579.0,295.0,40.0,255.0,95.0,213.0,220.0,94.0,468.0,95.0,1.0,90.0,267.0,3.0,3.0,267.0,
146,-119.180026586,35.8592215073,199.0,129,39,6720.0,380.0,55.0,324.0,123.0,297.0,297.0,113.0,241.0,45.0,0.0,82.0,129.0,2.0,2.0,123.0,
147,-119.48941126,35.7950082815,197.0,131,41,6406.0,374.0,55.0,319.0,124.0,281.0,290.0,114.0,172.0,33.0,0.0,83.0,97.0,2.0,2.0,88.0,
148,-119.288466385,35.8182601463,199.0,130,40,6622.0,379.0,56.0,323.0,124.0,289.0,296.0,115.0,209.0,38.0,0.0,81.0,112.0,2.0,2.0,104.0,
149,-119.616389595,35.7455228383,194.0,132,41,6237.0,369.0,53.0,316.0,123.0,276.0,284.0,113.0,155.0,30.0,0.0,82.0,89.0,1.0,2.0,78.0,
150,-119.743817213,35.6902431477,190.0,133,42,6073.0,363.0,50.0,313.0,121.0,270.0,278.0,111.0,148.0,29.0,0.0,85.0,87.0,1.0,2.0,78.0,
151,-120.336767612,35.5617814064,154.0,125,45,5027.0,305.0,28.0,276.0,87.0,218.0,225.0,86.0,407.0,87.0,0.0,92.0,242.0,1.0,2.0,242.0,
152,-119.446224647,35.6940203261,197.0,131,41,6396.0,374.0,55.0,319.0,125.0,281.0,290.0,115.0,165.0,31.0,0.0,82.0,92.0,2.0,2.0,82.0,
153,-119.232782287,35.7360433888,199.0,130,40,6634.0,379.0,56.0,323.0,126.0,296.0,296.0,115.0,200.0,36.0,0.0,81.0,107.0,2.0,2.0,99.0,
154,-119.579490754,35.6300025326,194.0,132,41,6238.0,369.0,53.0,316.0,124.0,276.0,285.0,114.0,150.0,29.0,0.0,82.0,86.0,2.0,2.0,74.0,
155,-119.871046027,35.5388233255,175.0,131,43,5759.0,342.0,39.0,303.0,110.0,250.0,258.0,100.0,165.0,33.0,0.0,87.0,98.0,1.0,2.0,92.0,
156,-119.700582914,35.5574898914,189.0,132,42,6034.0,361.0,50.0,311.0,121.0,268.0,277.0,111.0,142.0,29.0,0.0,87.0,87.0,1.0,2.0,77.0,
157,-119.38033206,35.6114233168,197.0,131,41,6396.0,374.0,55.0,318.0,125.0,281.0,290.0,115.0,165.0,31.0,0.0,81.0,92.0,2.0,2.0,79.0,
158,-120.805801353,35.313716209,163.0,95,46,3622.0,273.0,70.0,203.0,114.0,212.0,214.0,114.0,528.0,104.0,1.0,89.0,303.0,3.0,3.0,303.0,
159,-119.525725371,35.5447206843,195.0,132,41,6234.0,369.0,54.0,315.0,124.0,276.0,285.0,114.0,147.0,29.0,0.0,83.0,85.0,2.0,2.0,71.0,
160,-119.189362061,35.6008351539,198.0,130,40,6616.0,377.0,54.0,322.0,137.0,295.0,295.0,113.0,190.0,34.0,0.0,80.0,103.0,2.0,2.0,89.0,
161,-119.385061316,35.5143131552,197.0,131,41,6347.0,372.0,55.0,317.0,125.0,280.0,289.0,115.0,159.0,31.0,0.0,82.0,90.0,2.0,2.0,76.0,
162,-119.63520549,35.4455763542,189.0,131,42,5983.0,359.0,51.0,308.0,121.0,267.0,276.0,111.0,139.0,28.0,0.0,86.0,85.0,1.0,2.0,74.0,
163,-119.242399736,35.4968673365,199.0,130,40,6505.0,376.0,56.0,319.0,125.0,284.0,294.0,116.0,165.0,31.0,0.0,82.0,93.0,2.0,2.0,80.0,
164,-119.003902806,35.5372389686,193.0,129,39,6728.0,374.0,49.0,324.0,117.0,292.0,292.0,108.0,226.0,40.0,0.0,80.0,118.0,2.0,2.0,112.0,
165,-119.402783636,35.4126315531,196.0,130,41,6256.0,370.0,56.0,314.0,126.0,278.0,288.0,116.0,153.0,30.0,0.0,81.0,88.0,2.0,2.0,72.0,
166,-120.498343593,35.1823055363,157.0,106,46,4150.0,281.0,52.0,229.0,107.0,209.0,216.0,102.0,462.0,97.0,0.0,93.0,277.0,1.0,2.0,273.0,
167,-119.098722153,35.4579266971,200.0,130,40,6615.0,378.0,57.0,321.0,127.0,289.0,296.0,115.0,175.0,32.0,0.0,80.0,94.0,2.0,2.0,83.0,
168,-119.261033722,35.3997562537,199.0,130,41,6399.0,374.0,57.0,317.0,126.0,283.0,292.0,117.0,162.0,31.0,0.0,81.0,91.0,2.0,2.0,77.0,
169,-120.598215736,35.0950027281,167.0,94,46,3665.0,277.0,74.0,203.0,125.0,212.0,219.0,118.0,436.0,87.0,0.0,90.0,257.0,2.0,2.0,246.0,
170,-118.944305142,35.431455835,199.0,129,39,6790.0,380.0,54.0,325.0,122.0,290.0,299.0,113.0,202.0,37.0,0.0,81.0,109.0,2.0,2.0,104.0,
171,-119.389642041,35.3210472293,194.0,130,41,6175.0,366.0,55.0,311.0,124.0,275.0,284.0,115.0,161.0,31.0,0.0,81.0,91.0,1.0,2.0,76.0,
172,-119.090945658,35.3658658661,201.0,129,40,6555.0,378.0,58.0,320.0,126.0,287.0,296.0,117.0,177.0,33.0,0.0,80.0,97.0,2.0,2.0,87.0,
173,-120.367563674,35.0800614635,158.0,105,46,4169.0,282.0,53.0,229.0,108.0,209.0,217.0,102.0,405.0,81.0,0.0,90.0,234.0,1.0,2.0,229.0,
174,-119.252100225,35.3056857931,198.0,130,41,6329.0,373.0,58.0,314.0,127.0,281.0,291.0,118.0,162.0,32.0,0.0,80.0,92.0,2.0,2.0,75.0,
175,-120.58002945,35.0048724768,165.0,91,46,3565.0,272.0,74.0,197.0,124.0,208.0,216.0,118.0,417.0,82.0,0.0,89.0,244.0,2.0,2.0,226.0,
176,-118.941322166,35.3387460201,203.0,129,39,6742.0,382.0,58.0,324.0,126.0,291.0,301.0,117.0,189.0,33.0,0.0,79.0,98.0,2.0,3.0,93.0,
177,-119.381282722,35.2248986037,192.0,129,41,6082.0,362.0,54.0,307.0,123.0,271.0,280.0,114.0,150.0,32.0,0.0,87.0,94.0,1.0,2.0,77.0,
178,-119.100879329,35.263357863,201.0,129,40,6482.0,377.0,60.0,317.0,128.0,286.0,296.0,119.0,179.0,33.0,0.0,80.0,98.0,2.0,2.0,86.0,
179,-120.389133514,34.9743099689,166.0,98,46,3887.0,282.0,68.0,214.0,120.0,213.0,221.0,114.0,356.0,73.0,0.0,91.0,216.0,1.0,2.0,189.0,
180,-119.21005656,35.2152321624,199.0,129,41,6297.0,372.0,60.0,312.0,128.0,282.0,291.0,119.0,168.0,33.0,0.0,81.0,95.0,2.0,2.0,78.0,
181,-120.496158444,34.9273980827,166.0,91,46,3574.0,273.0,76.0,197.0,124.0,209.0,217.0,119.0,366.0,70.0,0.0,88.0,209.0,2.0,2.0,196.0,
182,-118.891929119,35.255506532,203.0,129,39,6713.0,382.0,59.0,323.0,138.0,292.0,301.0,118.0,209.0,35.0,0.0,76.0,105.0,4.0,4.0,98.0,
183,-119.339538039,35.1402059786,192.0,128,42,6036.0,361.0,56.0,305.0,123.0,271.0,280.0,115.0,177.0,37.0,0.0,85.0,107.0,1.0,2.0,89.0,
184,-119.065096278,35.1669412362,202.0,129,40,6445.0,377.0,61.0,315.0,129.0,287.0,296.0,120.0,191.0,35.0,0.0,79.0,103.0,2.0,3.0,93.0,
185,-120.310971151,34.8924863125,166.0,98,45,3898.0,282.0,68.0,213.0,121.0,214.0,222.0,115.0,351.0,67.0,0.0,88.0,199.0,1.0,2.0,181.0,
186,-118.910467032,35.1579731737,203.0,128,40,6577.0,380.0,61.0,318.0,145.0,289.0,299.0,119.0,225.0,37.0,1.0,76.0,111.0,4.0,5.0,105.0,
187,-119.198745974,35.0887576593,197.0,128,41,6191.0,368.0,60.0,308.0,127.0,278.0,288.0,118.0,206.0,38.0,0.0,78.0,111.0,2.0,4.0,95.0,
188,-119.01666494,35.07801998,199.0,127,41,6324.0,372.0,60.0,311.0,135.0,282.0,292.0,119.0,229.0,39.0,1.0,77.0,117.0,4.0,5.0,104.0,
189,-119.598780658,34.9493872848,151.0,122,43,5307.0,305.0,26.0,278.0,90.0,219.0,228.0,83.0,222.0,45.0,1.0,85.0,131.0,3.0,5.0,107.0,
190,-120.442403455,34.7713760044,159.0,82,46,3265.0,257.0,77.0,179.0,121.0,198.0,206.0,117.0,336.0,68.0,0.0,91.0,203.0,1.0,2.0,181.0,
191,-118.869999799,35.0586106524,198.0,128,40,6493.0,373.0,57.0,315.0,143.0,283.0,293.0,116.0,241.0,41.0,1.0,76.0,122.0,4.0,7.0,108.0,
192,-120.53458189,34.6828606635,160.0,71,46,2839.0,245.0,89.0,155.0,127.0,193.0,200.0,124.0,311.0,67.0,0.0,93.0,196.0,1.0,2.0,165.0,
193,-120.36532163,34.6247629911,157.0,76,45,3069.0,248.0,81.0,167.0,121.0,193.0,201.0,118.0,421.0,86.0,0.0,92.0,255.0,1.0,2.0,226.0,
194,-120.195305098,34.6228987862,163.0,86,45,3495.0,266.0,77.0,189.0,122.0,205.0,213.0,118.0,414.0,88.0,0.0,94.0,257.0,1.0,2.0,237.0,
195,-120.070887174,34.6280998994,162.0,95,45,3901.0,277.0,66.0,210.0,117.0,210.0,218.0,112.0,398.0,89.0,0.0,97.0,264.0,1.0,2.0,228.0,
196,-119.363937848,34.3184118264,178.0,91,43,4097.0,294.0,84.0,210.0,131.0,231.0,238.0,127.0,478.0,107.0,0.0,99.0,322.0,2.0,2.0,278.0,
197,-118.938894412,34.4007813956,188.0,108,43,4952.0,325.0,75.0,250.0,131.0,250.0,260.0,125.0,344.0,76.0,0.0,98.0,225.0,1.0,2.0,200.0,
198,-119.240395581,34.2476892339,184.0,87,43,3975.0,296.0,93.0,202.0,138.0,233.0,243.0,135.0,424.0,95.0,0.0,99.0,284.0,1.0,2.0,249.0,
199,-118.990080954,34.2788329626,183.0,99,43,4497.0,309.0,80.0,228.0,131.0,239.0,249.0,127.0,379.0,85.0,0.0,99.0,251.0,1.0,2.0,222.0,
200,-119.147731115,34.1576015713,184.0,84,43,3810.0,290.0,97.0,193.0,139.0,230.0,239.0,136.0,398.0,95.0,0.0,100.0,267.0,1.0,2.0,246.0,
201,-118.883954137,34.1484715442,166.0,93,43,4215.0,284.0,69.0,214.0,117.0,218.0,228.0,113.0,485.0,114.0,0.0,100.0,320.0,1.0,2.0,300.0,
202,-116.253180449,33.7759747146,232.0,134,39,6943.0,414.0,79.0,335.0,144.0,284.0,332.0,141.0,107.0,19.0,0.0,61.0,51.0,2.0,25.0,51.0,
203,-116.175386939,33.6955820106,236.0,134,40,6938.0,418.0,82.0,335.0,145.0,287.0,336.0,144.0,87.0,16.0,0.0,63.0,43.0,1.0,21.0,43.0,
204,-116.129992998,33.6110616581,237.0,134,40,6891.0,419.0,85.0,334.0,147.0,289.0,337.0,147.0,83.0,16.0,0.0,64.0,42.0,1.0,19.0,42.0,
205,-115.985626549,33.5459456438,238.0,135,40,6991.0,421.0,84.0,336.0,150.0,290.0,339.0,146.0,80.0,13.0,1.0,55.0,35.0,3.0,24.0,35.0,
206,-116.127980437,33.5177354711,234.0,134,40,6786.0,414.0,83.0,331.0,145.0,284.0,333.0,145.0,79.0,15.0,0.0,66.0,42.0,1.0,18.0,42.0,
207,-114.504385685,33.7213754525,251.0,130,37,7760.0,435.0,84.0,350.0,358.0,316.0,358.0,147.0,99.0,19.0,1.0,61.0,46.0,3.0,46.0,37.0,
208,-116.040520137,33.4381856068,240.0,135,40,6845.0,421.0,89.0,332.0,151.0,291.0,339.0,151.0,73.0,14.0,0.0,64.0,38.0,1.0,18.0,38.0,
209,-115.807073432,33.4707409968,244.0,135,39,7070.0,428.0,89.0,338.0,151.0,297.0,345.0,151.0,71.0,11.0,0.0,55.0,31.0,2.0,22.0,31.0,
210,-114.685746783,33.6123476518,250.0,131,37,7652.0,435.0,86.0,349.0,357.0,314.0,357.0,148.0,92.0,18.0,1.0,60.0,42.0,3.0,42.0,33.0,
211,-114.533663682,33.6120450267,252.0,130,37,7708.0,436.0,86.0,349.0,359.0,317.0,359.0,148.0,107.0,19.0,1.0,56.0,46.0,3.0,46.0,38.0,
212,-115.965208267,33.3547992384,240.0,135,40,6803.0,421.0,89.0,331.0,151.0,290.0,339.0,151.0,71.0,13.0,0.0,61.0,36.0,1.0,18.0,36.0,
213,-115.701655992,33.3592684289,247.0,135,39,7077.0,432.0,93.0,338.0,154.0,301.0,349.0,154.0,66.0,11.0,0.0,57.0,30.0,1.0,20.0,30.0,
214,-114.662444253,33.507453432,252.0,131,37,7635.0,436.0,88.0,348.0,359.0,316.0,359.0,150.0,96.0,17.0,1.0,57.0,41.0,3.0,41.0,34.0,
215,-115.873058657,33.2787399509,243.0,135,40,6859.0,424.0,91.0,333.0,153.0,293.0,342.0,153.0,67.0,12.0,0.0,59.0,33.0,1.0,18.0,33.0,
216,-115.569369626,33.325131833,247.0,135,39,7129.0,431.0,92.0,340.0,153.0,301.0,349.0,153.0,70.0,11.0,0.0,56.0,30.0,1.0,23.0,30.0,
217,-115.832847109,33.1926903457,243.0,136,40,6832.0,424.0,92.0,332.0,154.0,293.0,342.0,154.0,64.0,11.0,0.0,59.0,31.0,1.0,17.0,31.0,
218,-115.545457851,33.2367652926,249.0,135,39,7089.0,433.0,94.0,338.0,156.0,303.0,351.0,156.0,64.0,10.0,0.0,55.0,28.0,1.0,20.0,28.0,
219,-116.017764546,33.1072598313,232.0,135,41,6500.0,409.0,85.0,323.0,147.0,278.0,327.0,147.0,88.0,15.0,1.0,59.0,43.0,3.0,22.0,43.0,
220,-115.645752771,33.1595053492,247.0,136,40,6963.0,430.0,94.0,336.0,156.0,299.0,347.0,156.0,62.0,10.0,0.0,58.0,29.0,1.0,19.0,29.0,
221,-115.413831521,33.1801464963,246.0,135,39,7156.0,431.0,90.0,340.0,152.0,301.0,349.0,152.0,67.0,10.0,0.0,59.0,27.0,0.0,24.0,27.0,
222,-115.782796152,33.109182503,243.0,136,40,6809.0,424.0,92.0,332.0,154.0,293.0,341.0,154.0,66.0,11.0,0.0,59.0,32.0,1.0,17.0,32.0,
223,-115.513509224,33.1187605192,248.0,136,40,7043.0,432.0,94.0,338.0,156.0,302.0,350.0,156.0,61.0,10.0,0.0,60.0,28.0,0.0,19.0,28.0,
224,-115.655031436,33.0653425029,245.0,136,40,6907.0,428.0,93.0,334.0,155.0,297.0,345.0,155.0,63.0,11.0,0.0,59.0,30.0,1.0,18.0,30.0,
225,-115.362014984,33.0968354349,248.0,135,39,7150.0,432.0,92.0,340.0,153.0,303.0,350.0,153.0,65.0,9.0,0.0,57.0,26.0,0.0,23.0,26.0,
226,-115.511868418,33.0265213467,247.0,136,40,6996.0,431.0,94.0,337.0,155.0,300.0,348.0,155.0,60.0,10.0,0.0,60.0,28.0,0.0,19.0,28.0,
227,-115.628640099,32.9776639006,243.0,136,40,6850.0,425.0,91.0,333.0,153.0,294.0,342.0,153.0,62.0,11.0,0.0,59.0,30.0,1.0,17.0,30.0,
228,-115.328027843,33.0104514142,248.0,135,39,7140.0,432.0,92.0,340.0,154.0,303.0,350.0,154.0,65.0,9.0,0.0,58.0,26.0,0.0,23.0,26.0,
229,-115.500870259,32.9350686282,246.0,136,40,6954.0,429.0,93.0,336.0,155.0,299.0,347.0,155.0,58.0,9.0,0.0,59.0,26.0,0.0,19.0,26.0,
230,-115.727642052,32.8746289546,239.0,137,41,6682.0,419.0,89.0,329.0,151.0,287.0,336.0,151.0,76.0,12.0,0.0,57.0,35.0,1.0,22.0,35.0,
231,-115.611713366,32.8880519646,243.0,137,40,6847.0,425.0,92.0,333.0,154.0,294.0,342.0,154.0,65.0,10.0,0.0,58.0,30.0,1.0,19.0,30.0,
232,-115.302333272,32.9226362414,249.0,136,40,7112.0,433.0,93.0,339.0,155.0,303.0,350.0,155.0,64.0,9.0,0.0,58.0,27.0,0.0,22.0,27.0,
233,-115.429917691,32.8539899165,247.0,136,40,6990.0,430.0,93.0,337.0,155.0,300.0,348.0,155.0,63.0,9.0,0.0,60.0,27.0,0.0,20.0,27.0,
234,-115.727963828,32.781970536,238.0,137,41,6637.0,418.0,89.0,328.0,152.0,286.0,335.0,152.0,88.0,14.0,0.0,57.0,41.0,2.0,24.0,41.0,
235,-115.54189912,32.8079245311,243.0,137,41,6850.0,425.0,91.0,333.0,154.0,294.0,342.0,154.0,69.0,11.0,0.0,59.0,32.0,1.0,21.0,32.0,
236,-115.302205215,32.8301496155,248.0,136,40,7070.0,432.0,93.0,339.0,155.0,302.0,349.0,155.0,63.0,9.0,0.0,61.0,27.0,0.0,21.0,27.0,
237,-115.41385001,32.7614800378,246.0,137,40,6988.0,429.0,92.0,337.0,154.0,299.0,346.0,154.0,67.0,10.0,0.0,58.0,28.0,0.0,22.0,28.0,
238,-115.685708146,32.6965105142,238.0,137,41,6646.0,418.0,89.0,328.0,151.0,286.0,335.0,151.0,94.0,15.0,0.0,58.0,43.0,2.0,26.0,43.0,
239,-115.53494071,32.7168380151,243.0,137,41,6856.0,425.0,91.0,334.0,153.0,294.0,342.0,153.0,76.0,11.0,0.0,59.0,33.0,1.0,24.0,33.0,
240,-115.285428229,32.7407867699,248.0,136,40,7073.0,431.0,93.0,339.0,155.0,302.0,349.0,155.0,63.0,10.0,0.0,61.0,26.0,0.0,21.0,26.0,
241,-115.391791115,32.6724693369,245.0,137,40,6961.0,428.0,92.0,336.0,154.0,298.0,345.0,154.0,70.0,11.0,0.0,59.0,29.0,1.0,23.0,29.0,
0,-121.56071620177516,38.59676682365139,175.0,122,41,5745.0,342.0,49.0,293.0,97.0,254.0,254.0,97.0,453.0,94.0,1.0,87.0,267.0,3.0,3.0,267.0,0.0
1,-120.75521703637312,35.255767915118604,152.0,95,46,3627.0,262.0,58.0,203.0,103.0,203.0,203.0,103.0,627.0,127.0,1.0,90.0,374.0,3.0,3.0,374.0,0.0
2,-123.33024072690552,40.00534293167341,118.0,109,40,5515.0,278.0,6.0,271.0,47.0,190.0,198.0,47.0,1285.0,266.0,1.0,89.0,776.0,13.0,18.0,776.0,0.0
3,-120.26326670516288,39.4277481712306,63.0,124,36,7181.0,254.0,-82.0,338.0,-29.0,168.0,168.0,-29.0,935.0,198.0,8.0,82.0,565.0,31.0,31.0,565.0,0.0
4,-121.17141686016448,39.18627750352536,154.0,123,38,6583.0,338.0,20.0,317.0,68.0,248.0,248.0,68.0,1011.0,200.0,2.0,83.0,566.0,10.0,10.0,566.0,0.0
5,-120.78836972298764,35.62283072902196,143.0,112,46,4288.0,275.0,33.0,241.0,87.0,197.0,203.0,85.0,452.0,104.0,1.0,97.0,289.0,3.0,3.0,289.0,0.0
6,-119.39788141001482,34.76107510945274,125.0,118,44,5196.0,274.0,4.0,270.0,65.0,194.0,201.0,59.0,351.0,72.0,1.0,88.0,209.0,3.0,4.0,171.0,0.0
7,-123.7899816225131,40.4484575503641,119.0,91,41,4561.0,251.0,27.0,223.0,62.0,178.0,186.0,62.0,1547.0,287.0,2.0,81.0,839.0,20.0,26.0,839.0,0.0
8,-118.30376189905452,35.08144027133022,140.0,129,40,6732.0,318.0,-2.0,321.0,62.0,229.0,238.0,54.0,194.0,37.0,1.0,83.0,110.0,5.0,9.0,102.0,0.0
9,-121.23918109056837,39.933226196101096,69.0,123,37,6848.0,258.0,-67.0,326.0,-19.0,168.0,168.0,-19.0,1694.0,341.0,4.0,80.0,959.0,24.0,24.0,959.0,0.0
10,-123.92836978247004,41.48631693035046,119.0,78,40,4137.0,235.0,38.0,196.0,68.0,177.0,181.0,68.0,1866.0,338.0,6.0,78.0,1010.0,41.0,41.0,1010.0,0.0
11,-119.77170148053511,35.83001410923568,190.0,133,42,6100.0,364.0,50.0,314.0,121.0,270.0,278.0,111.0,159.0,31.0,0.0,84.0,93.0,1.0,2.0,84.0,0.0
12,-122.02306914136142,39.61285728894809,179.0,123,37,6841.0,367.0,43.0,324.0,89.0,276.0,276.0,89.0,560.0,116.0,1.0,84.0,331.0,7.0,7.0,331.0,0.0
13,-117.10953671264215,34.65547808316699,160.0,131,39,7082.0,344.0,8.0,336.0,78.0,216.0,262.0,67.0,195.0,32.0,2.0,63.0,93.0,8.0,27.0,92.0,0.0
14,-123.43590361176447,40.412437966368216,96.0,108,40,5378.0,253.0,-12.0,265.0,28.0,167.0,175.0,28.0,1408.0,272.0,2.0,84.0,803.0,19.0,28.0,803.0,0.0
15,-123.4499379230426,39.68024113099746,110.0,97,40,4814.0,249.0,10.0,238.0,47.0,172.0,179.0,47.0,1566.0,319.0,2.0,86.0,922.0,15.0,25.0,922.0,0.0
16,-118.58773670514852,35.077018967836295,114.0,128,41,6376.0,288.0,-23.0,311.0,57.0,198.0,207.0,33.0,338.0,60.0,1.0,77.0,173.0,6.0,12.0,159.0,0.0
17,-120.2396132620478,36.067329780624064,171.0,133,43,5682.0,340.0,36.0,304.0,106.0,246.0,252.0,95.0,226.0,46.0,1.0,86.0,131.0,3.0,3.0,127.0,0.0
18,-123.89482782925477,40.77133261133275,134.0,83,40,4231.0,254.0,50.0,204.0,81.0,196.0,197.0,81.0,1076.0,208.0,3.0,80.0,598.0,22.0,22.0,598.0,0.0
19,-115.8318430073607,33.85896680568939,190.0,134,39,7120.0,374.0,36.0,338.0,97.0,246.0,293.0,97.0,79.0,14.0,0.0,61.0,40.0,1.0,23.0,40.0,0.0
20,-120.36983210158724,38.7948036392058,88.0,122,38,6689.0,270.0,-50.0,321.0,2.0,186.0,186.0,2.0,1237.0,231.0,8.0,76.0,665.0,31.0,31.0,665.0,0.0
21,-118.99509621850136,37.53780193798333,40.0,120,36,7043.0,221.0,-105.0,327.0,-48.0,144.0,144.0,-48.0,640.0,110.0,10.0,68.0,321.0,35.0,35.0,321.0,0.0
22,-122.03454234603622,40.57354496521005,157.0,122,35,7556.0,358.0,14.0,344.0,60.0,269.0,269.0,60.0,990.0,174.0,4.0,70.0,504.0,28.0,28.0,504.0,0.0
23,-120.1773347610778,39.995329366585885,73.0,122,34,7666.0,273.0,-77.0,350.0,-25.0,187.0,187.0,-25.0,474.0,88.0,10.0,64.0,248.0,30.0,30.0,248.0,0.0
24,-114.90720164978823,34.67671786470651,214.0,128,35,8059.0,404.0,47.0,357.0,145.0,284.0,327.0,107.0,150.0,20.0,1.0,48.0,60.0,6.0,49.0,51.0,0.0
25,-117.43179988480333,35.624745576851865,195.0,124,34,8130.0,390.0,32.0,357.0,100.0,262.0,311.0,87.0,97.0,19.0,1.0,76.0,58.0,4.0,14.0,49.0,0.0
26,-118.79497060757708,36.74894410237147,68.0,121,37,6852.0,247.0,-70.0,318.0,-17.0,170.0,170.0,-17.0,922.0,189.0,4.0,84.0,530.0,12.0,12.0,530.0,0.0
27,-120.91916220981769,40.27573535908685,90.0,123,35,7401.0,288.0,-54.0,342.0,-4.0,199.0,199.0,-4.0,632.0,116.0,4.0,73.0,332.0,14.0,14.0,332.0,0.0
28,-114.64981116685574,34.57211888720652,221.0,127,35,8037.0,409.0,53.0,355.0,157.0,291.0,333.0,114.0,132.0,19.0,1.0,52.0,53.0,5.0,49.0,42.0,0.0
29,-119.24532104533024,35.618572213132914,198.0,130,40,6572.0,377.0,55.0,321.0,123.0,294.0,294.0,114.0,185.0,33.0,0.0,80.0,100.0,2.0,2.0,89.0,0.0
30,-119.53538756496648,37.703819425052856,67.0,122,38,6661.0,245.0,-72.0,318.0,-15.0,165.0,165.0,-16.0,865.0,163.0,5.0,76.0,458.0,21.0,21.0,458.0,0.0
31,-120.90722387246085,39.40796280978046,111.0,123,37,6808.0,299.0,-25.0,324.0,23.0,210.0,210.0,23.0,1748.0,341.0,4.0,81.0,975.0,22.0,22.0,975.0,0.0
32,-117.62149711336038,33.872777639904854,184.0,115,43,5254.0,328.0,60.0,268.0,116.0,248.0,260.0,116.0,343.0,81.0,1.0,98.0,221.0,3.0,5.0,221.0,0.0
33,-122.5008961820274,41.42435490394905,77.0,120,37,6783.0,267.0,-54.0,321.0,-8.0,179.0,179.0,-8.0,820.0,155.0,8.0,75.0,454.0,32.0,32.0,454.0,0.0
34,-115.16300466087294,34.129366708787586,228.0,130,37,7739.0,416.0,65.0,351.0,125.0,293.0,337.0,125.0,91.0,13.0,1.0,53.0,39.0,3.0,31.0,39.0,0.0
35,-120.90579303906829,37.55605252670802,175.0,124,43,5400.0,336.0,50.0,287.0,102.0,245.0,250.0,102.0,328.0,62.0,1.0,83.0,175.0,4.0,5.0,175.0,0.0
36,-121.30013117721492,40.78125212563656,78.0,122,35,7371.0,276.0,-63.0,340.0,-15.0,188.0,188.0,-15.0,753.0,114.0,7.0,59.0,337.0,31.0,31.0,337.0,0.0
37,-116.70922857637746,33.74209569625728,121.0,131,43,5961.0,287.0,-16.0,304.0,53.0,163.0,208.0,44.0,504.0,91.0,3.0,74.0,274.0,19.0,53.0,246.0,0.0
38,-116.32735093992426,34.47212644817264,186.0,133,38,7479.0,375.0,26.0,348.0,86.0,246.0,292.0,86.0,134.0,20.0,1.0,51.0,58.0,4.0,37.0,58.0,0.0
39,-116.1774931160154,35.87819276693264,219.0,124,32,8816.0,420.0,41.0,378.0,117.0,297.0,342.0,100.0,153.0,26.0,1.0,54.0,74.0,10.0,35.0,58.0,0.0
40,-122.29331676820924,40.31929431033781,167.0,122,36,7284.0,364.0,28.0,336.0,73.0,274.0,274.0,73.0,771.0,149.0,3.0,77.0,426.0,16.0,16.0,426.0,0.0
41,-119.67448452838124,38.33583996855674,28.0,121,37,6799.0,209.0,-114.0,323.0,-50.0,129.0,129.0,-57.0,877.0,151.0,13.0,66.0,424.0,41.0,41.0,422.0,0.0
42,-122.0580340954306,37.15619498622641,125.0,74,47,2716.0,209.0,53.0,156.0,87.0,161.0,161.0,87.0,750.0,156.0,2.0,89.0,441.0,8.0,8.0,441.0,0.0
43,-118.1413195289582,35.11626000302685,167.0,128,38,7046.0,350.0,19.0,330.0,86.0,222.0,269.0,76.0,149.0,29.0,1.0,82.0,84.0,5.0,10.0,81.0,0.0
44,-120.98978092639828,38.45826502431597,174.0,122,40,6088.0,347.0,44.0,303.0,93.0,260.0,260.0,93.0,653.0,126.0,2.0,81.0,364.0,6.0,6.0,364.0,0.0
45,-120.97858942147826,36.23573484604573,149.0,123,46,4703.0,296.0,29.0,267.0,94.0,208.0,213.0,83.0,421.0,85.0,1.0,89.0,242.0,3.0,5.0,238.0,0.0
46,-119.45240258313947,35.50354765822202,196.0,131,41,6299.0,371.0,55.0,316.0,125.0,279.0,288.0,115.0,156.0,30.0,0.0,82.0,89.0,2.0,2.0,74.0,0.0
47,-118.376761368452,37.79829475319388,51.0,119,34,7803.0,242.0,-105.0,347.0,-49.0,83.0,166.0,-49.0,338.0,44.0,15.0,35.0,130.0,48.0,65.0,130.0,0.0
48,-117.05458276471448,33.322611773861006,178.0,113,44,4919.0,318.0,61.0,257.0,123.0,237.0,251.0,116.0,402.0,74.0,2.0,84.0,219.0,8.0,15.0,210.0,0.0
49,-122.6214877539114,41.18471640043516,73.0,121,37,6691.0,261.0,-58.0,319.0,-12.0,168.0,172.0,-12.0,1231.0,226.0,9.0,75.0,660.0,44.0,44.0,660.0,0.0
50,-120.5621982438937,39.7327906359405,102.0,124,36,7382.0,299.0,-43.0,343.0,7.0,211.0,211.0,7.0,735.0,145.0,5.0,77.0,409.0,20.0,20.0,409.0,0.0
51,-118.38785539603931,34.64068994683642,142.0,125,42,6036.0,307.0,8.0,299.0,73.0,221.0,230.0,66.0,355.0,75.0,1.0,91.0,221.0,3.0,8.0,194.0,0.0
52,-117.18339193515926,34.00648594623447,186.0,128,41,6139.0,352.0,46.0,306.0,116.0,264.0,276.0,106.0,452.0,91.0,2.0,88.0,267.0,8.0,12.0,254.0,0.0
53,-123.10275098154312,38.52911267430669,132.0,77,42,3518.0,232.0,51.0,180.0,84.0,175.0,180.0,84.0,1186.0,276.0,1.0,93.0,776.0,10.0,13.0,776.0,0.0
54,-114.63823461903442,33.58524876662688,252.0,131,37,7675.0,437.0,87.0,349.0,359.0,316.0,359.0,149.0,94.0,18.0,1.0,59.0,42.0,3.0,42.0,33.0,0.0
55,-120.83959636355742,37.620389545161935,176.0,124,42,5485.0,339.0,50.0,289.0,102.0,247.0,253.0,102.0,339.0,65.0,1.0,83.0,182.0,4.0,5.0,182.0,0.0
56,-122.67459108392823,40.51145785552075,126.0,121,37,6803.0,315.0,-6.0,321.0,38.0,216.0,226.0,38.0,1065.0,213.0,3.0,85.0,619.0,22.0,23.0,619.0,0.0
57,-122.19720993502388,41.38988586424859,-28.0,122,38,6378.0,155.0,-156.0,312.0,-109.0,66.0,66.0,-109.0,1388.0,251.0,10.0,75.0,727.0,43.0,43.0,727.0,0.0
58,-120.73515298741096,35.79639975760728,159.0,121,45,4716.0,304.0,40.0,263.0,105.0,219.0,225.0,95.0,376.0,77.0,1.0,90.0,223.0,3.0,3.0,214.0,0.0
59,-120.2518123117362,40.2488780933727,115.0,121,33,8013.0,321.0,-38.0,359.0,12.0,234.0,234.0,12.0,294.0,51.0,6.0,58.0,148.0,19.0,19.0,148.0,0.0
60,-115.25111685094724,35.0519250624921,171.0,128,35,8023.0,362.0,5.0,356.0,284.0,240.0,284.0,64.0,220.0,34.0,3.0,48.0,95.0,13.0,95.0,63.0,0.0
61,-117.57072777459014,35.44649126353406,162.0,125,36,7736.0,353.0,6.0,347.0,72.0,226.0,273.0,61.0,146.0,30.0,1.0,76.0,87.0,5.0,18.0,69.0,0.0
62,-119.32765437272104,34.97311945128576,169.0,125,42,5777.0,332.0,37.0,294.0,103.0,244.0,253.0,95.0,250.0,47.0,0.0,81.0,137.0,3.0,4.0,117.0,0.0
63,-119.67898543679296,36.72431126603371,191.0,129,40,6452.0,371.0,52.0,318.0,119.0,286.0,286.0,108.0,307.0,58.0,0.0,84.0,167.0,0.0,0.0,165.0,0.0
64,-121.8639853410002,38.16741050790763,162.0,113,43,4826.0,307.0,48.0,259.0,94.0,226.0,226.0,94.0,481.0,99.0,1.0,86.0,278.0,4.0,4.0,278.0,0.0
65,-120.29681017724376,39.71279480695897,100.0,123,35,7604.0,298.0,-50.0,349.0,1.0,212.0,212.0,1.0,546.0,99.0,8.0,68.0,282.0,28.0,28.0,282.0,0.0
66,-122.23376935338152,37.4061787179878,137.0,74,46,2787.0,221.0,63.0,157.0,96.0,173.0,173.0,96.0,539.0,119.0,1.0,91.0,340.0,5.0,5.0,340.0,0.0
67,-116.71580771004582,32.93172733974914,166.0,120,45,5027.0,312.0,44.0,267.0,119.0,226.0,240.0,102.0,567.0,104.0,3.0,83.0,308.0,13.0,24.0,292.0,0.0
68,-115.42433600864972,34.15278029420735,212.0,131,37,7586.0,399.0,51.0,348.0,169.0,274.0,319.0,111.0,95.0,14.0,1.0,52.0,40.0,4.0,36.0,40.0,0.0
69,-122.09905955545403,39.32756729421175,178.0,123,39,6465.0,359.0,45.0,314.0,91.0,269.0,269.0,91.0,472.0,91.0,1.0,83.0,264.0,5.0,5.0,264.0,0.0
70,-121.34324541363212,40.32900987427221,75.0,122,36,7116.0,268.0,-63.0,333.0,-16.0,179.0,179.0,-16.0,1178.0,222.0,6.0,73.0,631.0,30.0,30.0,631.0,0.0
71,-114.4715931056269,34.43556125005522,240.0,127,35,8093.0,427.0,70.0,356.0,143.0,311.0,352.0,132.0,103.0,16.0,1.0,54.0,46.0,4.0,30.0,45.0,0.0
72,-123.54936478628278,41.53935239575507,101.0,101,39,5229.0,251.0,-1.0,253.0,35.0,169.0,179.0,35.0,1661.0,340.0,5.0,87.0,1003.0,27.0,36.0,1003.0,0.0
73,-120.46000734977972,40.56310231209223,90.0,121,34,7796.0,294.0,-58.0,352.0,-9.0,207.0,207.0,-9.0,307.0,56.0,5.0,62.0,163.0,17.0,17.0,163.0,0.0
74,-116.79263308965012,34.56237604158266,167.0,132,38,7194.0,352.0,12.0,340.0,84.0,224.0,270.0,72.0,265.0,41.0,2.0,59.0,119.0,10.0,45.0,117.0,0.0
75,-117.7395015285682,35.75697231907942,192.0,123,34,8091.0,387.0,32.0,354.0,98.0,259.0,308.0,87.0,106.0,21.0,1.0,71.0,61.0,5.0,16.0,50.0,0.0
76,-120.00737403616208,36.91534949459775,188.0,129,41,6176.0,364.0,52.0,312.0,113.0,277.0,277.0,107.0,287.0,53.0,0.0,84.0,155.0,0.0,0.0,155.0,0.0
77,-119.9343141545794,38.82018717544028,36.0,123,37,6896.0,220.0,-108.0,329.0,-52.0,137.0,137.0,-52.0,916.0,172.0,13.0,72.0,486.0,45.0,45.0,486.0,0.0
78,-119.85043912169176,35.7426444914754,185.0,133,42,5947.0,356.0,46.0,310.0,117.0,262.0,270.0,107.0,165.0,33.0,0.0,86.0,97.0,1.0,2.0,90.0,0.0
79,-119.06411944150624,35.57203372199572,195.0,129,39,6717.0,376.0,51.0,324.0,132.0,294.0,294.0,110.0,201.0,36.0,0.0,80.0,107.0,2.0,2.0,97.0,0.0
80,-119.24427687732016,37.13728806734703,76.0,123,38,6650.0,255.0,-61.0,317.0,14.0,175.0,175.0,-6.0,917.0,160.0,3.0,76.0,479.0,12.0,12.0,426.0,0.0
81,-121.39614166898176,37.3833865803934,122.0,114,46,4396.0,260.0,11.0,249.0,60.0,178.0,182.0,60.0,361.0,71.0,1.0,85.0,201.0,4.0,5.0,201.0,0.0
82,-114.89056303204391,33.0828231173833,235.0,133,39,7281.0,418.0,76.0,340.0,338.0,293.0,338.0,138.0,79.0,14.0,0.0,57.0,35.0,1.0,35.0,27.0,0.0
83,-119.61892576638697,38.08477865023663,35.0,121,37,6738.0,214.0,-106.0,320.0,-44.0,134.0,134.0,-50.0,936.0,167.0,11.0,73.0,477.0,35.0,35.0,474.0,0.0
84,-123.5374742443006,40.47153970267355,99.0,105,40,5218.0,252.0,-5.0,257.0,33.0,168.0,176.0,33.0,1363.0,267.0,2.0,85.0,768.0,18.0,26.0,768.0,0.0
85,-115.095169805645,33.90507331956607,234.0,131,37,7612.0,420.0,72.0,348.0,341.0,296.0,341.0,132.0,101.0,18.0,1.0,56.0,44.0,3.0,44.0,33.0,0.0
86,-122.46122607047438,40.95098555702485,129.0,122,36,7165.0,325.0,-7.0,333.0,38.0,233.0,236.0,38.0,1327.0,277.0,4.0,85.0,787.0,25.0,25.0,787.0,0.0
87,-121.93575255526292,39.87731836513505,177.0,122,36,7169.0,371.0,38.0,333.0,83.0,280.0,280.0,83.0,742.0,148.0,2.0,80.0,423.0,12.0,12.0,423.0,0.0
88,-120.83320021439968,37.70500398255098,177.0,124,42,5596.0,342.0,50.0,292.0,101.0,250.0,255.0,101.0,379.0,74.0,1.0,84.0,209.0,5.0,5.0,209.0,0.0
89,-120.77861777792504,36.56562531090744,148.0,129,45,5175.0,308.0,21.0,287.0,77.0,215.0,220.0,77.0,268.0,51.0,1.0,82.0,146.0,3.0,3.0,146.0,0.0
90,-118.57961049624596,36.52961549382539,15.0,120,38,6737.0,191.0,-122.0,314.0,-65.0,115.0,115.0,-69.0,821.0,157.0,4.0,82.0,450.0,16.0,16.0,441.0,0.0
91,-120.79623097986958,39.42203988253392,111.0,123,37,6927.0,301.0,-27.0,328.0,22.0,212.0,212.0,22.0,1512.0,317.0,3.0,84.0,897.0,18.0,18.0,897.0,0.0
92,-119.59857740069486,38.67761566099063,53.0,122,35,7294.0,242.0,-97.0,340.0,-39.0,161.0,161.0,-39.0,539.0,99.0,13.0,64.0,274.0,41.0,41.0,274.0,0.0
93,-117.87972146046826,34.3420386813036,93.0,126,43,5800.0,253.0,-38.0,292.0,25.0,168.0,177.0,18.0,508.0,105.0,2.0,90.0,310.0,6.0,11.0,287.0,0.0
94,-122.24771757521884,40.764474510525226,152.0,122,35,7486.0,352.0,10.0,342.0,56.0,257.0,263.0,56.0,1478.0,290.0,4.0,81.0,833.0,30.0,30.0,833.0,0.0
95,-120.5622530831453,39.83231251676276,87.0,124,36,7344.0,283.0,-58.0,342.0,-7.0,195.0,195.0,-7.0,1077.0,223.0,7.0,81.0,624.0,28.0,28.0,624.0,0.0
96,-120.29349771633338,39.753713170357365,100.0,123,35,7631.0,299.0,-51.0,350.0,1.0,212.0,212.0,1.0,538.0,101.0,8.0,71.0,287.0,27.0,27.0,287.0,0.0
97,-122.35045059974016,40.91576128378841,139.0,122,36,7338.0,338.0,0.0,338.0,45.0,248.0,248.0,45.0,1542.0,282.0,6.0,77.0,813.0,39.0,39.0,813.0,0.0
98,-122.86725591501182,38.23622491189919,144.0,79,43,3444.0,243.0,62.0,181.0,95.0,190.0,190.0,95.0,964.0,206.0,1.0,88.0,580.0,8.0,8.0,580.0,0.0
99,-117.03230437728531,36.13615775507632,145.0,119,33,8250.0,338.0,-18.0,357.0,49.0,216.0,262.0,35.0,90.0,16.0,1.0,60.0,45.0,6.0,21.0,40.0,0.0
100,-121.44748432936494,37.00039870887488,139.0,110,46,4077.0,268.0,33.0,235.0,89.0,189.0,193.0,81.0,483.0,98.0,1.0,89.0,277.0,4.0,5.0,275.0,0.0
101,-120.03892933706408,41.43887157438708,102.0,114,31,8187.0,312.0,-46.0,358.0,2.0,227.0,227.0,-2.0,310.0,40.0,7.0,43.0,119.0,25.0,25.0,119.0,0.0
102,-120.07552909894032,41.53404498321986,101.0,114,32,8147.0,311.0,-46.0,357.0,-2.0,226.0,226.0,-2.0,342.0,46.0,7.0,45.0,136.0,26.0,26.0,136.0,0.0
103,-124.03500844953966,41.15976752035819,106.0,73,40,3788.0,211.0,30.0,180.0,59.0,162.0,162.0,59.0,1792.0,344.0,5.0,80.0,988.0,34.0,34.0,988.0,0.0
104,-120.09348442074815,38.492285116423446,67.0,122,38,6599.0,247.0,-71.0,318.0,-16.0,164.0,164.0,-16.0,1089.0,215.0,8.0,76.0,599.0,25.0,25.0,599.0,0.0
105,-121.9296075141287,36.58085583490589,143.0,69,48,2468.0,220.0,75.0,144.0,108.0,176.0,176.0,108.0,633.0,132.0,1.0,89.0,367.0,6.0,6.0,367.0,0.0
106,-121.20751783347316,38.52836734357068,176.0,123,40,5947.0,348.0,48.0,299.0,97.0,260.0,260.0,97.0,579.0,121.0,1.0,87.0,346.0,5.0,5.0,346.0,0.0
107,-121.56197674015884,38.72922638648807,176.0,123,41,5917.0,348.0,49.0,298.0,97.0,258.0,258.0,97.0,477.0,100.0,1.0,87.0,285.0,3.0,3.0,285.0,0.0
108,-116.55648980357276,35.38746084380076,185.0,127,34,8184.0,380.0,17.0,363.0,91.0,254.0,300.0,75.0,123.0,18.0,1.0,51.0,53.0,8.0,41.0,41.0,0.0
109,-118.24893147684426,34.572487454480985,133.0,126,42,6006.0,297.0,0.0,298.0,64.0,211.0,221.0,57.0,339.0,75.0,1.0,93.0,213.0,4.0,9.0,202.0,0.0
110,-121.14812235454774,35.89396279601028,143.0,108,47,3998.0,268.0,39.0,229.0,88.0,192.0,198.0,88.0,498.0,108.0,0.0,95.0,315.0,2.0,2.0,315.0,0.0
111,-120.92791248445626,40.01566522946069,106.0,123,36,7335.0,303.0,-37.0,340.0,11.0,213.0,213.0,11.0,1152.0,221.0,5.0,77.0,624.0,21.0,21.0,624.0,0.0
112,-117.01485512972069,35.50581833491375,192.0,125,34,8190.0,387.0,26.0,360.0,97.0,261.0,308.0,82.0,113.0,24.0,1.0,77.0,69.0,5.0,20.0,56.0,0.0
113,-117.96090149758358,37.28867876204045,113.0,116,32,8233.0,307.0,-47.0,354.0,18.0,162.0,233.0,6.0,190.0,26.0,8.0,37.0,77.0,29.0,32.0,73.0,0.0
114,-119.86940045224996,34.5831984935604,153.0,101,45,4214.0,276.0,52.0,224.0,104.0,206.0,214.0,99.0,478.0,106.0,0.0,96.0,312.0,1.0,2.0,263.0,0.0
115,-120.0047249834679,39.58904169085949,85.0,123,34,7693.0,284.0,-68.0,352.0,-14.0,198.0,198.0,-14.0,353.0,66.0,7.0,65.0,187.0,24.0,24.0,187.0,0.0
116,-118.19568257652834,35.77493679872178,142.0,124,36,7441.0,328.0,-8.0,337.0,52.0,241.0,250.0,46.0,230.0,47.0,1.0,85.0,135.0,7.0,13.0,133.0,0.0
117,-118.03605096391732,35.65324551987805,122.0,125,37,7383.0,307.0,-28.0,335.0,36.0,182.0,228.0,26.0,188.0,39.0,1.0,85.0,112.0,5.0,14.0,107.0,0.0
118,-118.7957468511227,36.05490934699637,177.0,125,38,7108.0,361.0,32.0,329.0,95.0,280.0,282.0,87.0,567.0,102.0,1.0,83.0,301.0,5.0,5.0,292.0,0.0
119,-116.16198273376382,33.137536293584176,223.0,134,42,6353.0,397.0,79.0,318.0,141.0,268.0,316.0,141.0,108.0,19.0,1.0,61.0,54.0,4.0,21.0,54.0,0.0
120,-120.46706294080612,39.98260333427408,84.0,123,35,7506.0,282.0,-63.0,346.0,-12.0,195.0,195.0,-12.0,568.0,111.0,6.0,73.0,315.0,21.0,21.0,315.0,0.0
121,-119.41026559841382,36.197864645629664,197.0,129,40,6595.0,377.0,55.0,322.0,122.0,293.0,293.0,113.0,236.0,46.0,0.0,84.0,131.0,0.0,0.0,125.0,0.0
122,-120.85002648210003,36.75251094713531,158.0,127,44,5133.0,316.0,32.0,284.0,99.0,224.0,229.0,87.0,210.0,43.0,0.0,88.0,122.0,1.0,2.0,120.0,0.0
123,-118.28988398973031,34.1742432769529,176.0,116,43,5285.0,322.0,53.0,268.0,115.0,242.0,253.0,109.0,487.0,103.0,0.0,92.0,305.0,3.0,6.0,268.0,0.0
124,-116.31573661882064,34.05036648953752,150.0,134,40,6847.0,331.0,0.0,331.0,60.0,203.0,249.0,60.0,158.0,30.0,0.0,68.0,85.0,3.0,28.0,85.0,0.0
125,-120.18325507424538,34.66661810360051,155.0,92,45,3701.0,265.0,63.0,201.0,112.0,200.0,208.0,107.0,425.0,92.0,0.0,95.0,268.0,1.0,2.0,247.0,0.0
126,-116.66050782273363,35.4897070317349,171.0,126,34,8126.0,365.0,5.0,360.0,76.0,240.0,285.0,62.0,139.0,25.0,1.0,62.0,72.0,7.0,34.0,59.0,0.0
127,-116.55498128361616,35.799321044283815,250.0,123,32,8915.0,452.0,71.0,381.0,148.0,327.0,374.0,129.0,87.0,16.0,1.0,64.0,46.0,6.0,18.0,37.0,0.0
128,-120.99131142142468,36.09192153921279,161.0,121,46,4621.0,306.0,44.0,262.0,99.0,219.0,225.0,97.0,367.0,77.0,1.0,90.0,215.0,3.0,3.0,215.0,0.0
129,-118.21725129307492,35.3149173631278,142.0,128,38,7084.0,326.0,-4.0,330.0,56.0,236.0,245.0,52.0,193.0,39.0,1.0,83.0,108.0,5.0,10.0,108.0,0.0
130,-120.78203491753622,41.83335534638074,85.0,115,33,7602.0,289.0,-51.0,340.0,1.0,202.0,202.0,-9.0,397.0,58.0,9.0,44.0,164.0,30.0,30.0,154.0,0.0
131,-118.17522443094693,33.806391465463804,192.0,99,43,4377.0,314.0,87.0,227.0,141.0,244.0,256.0,136.0,335.0,77.0,0.0,98.0,219.0,1.0,2.0,203.0,0.0
132,-119.93309303882717,38.00734155514645,85.0,121,38,6494.0,262.0,-51.0,313.0,2.0,180.0,180.0,2.0,1279.0,270.0,5.0,86.0,763.0,16.0,16.0,763.0,0.0
133,-121.32022890645732,38.3687852409061,175.0,122,42,5644.0,341.0,50.0,291.0,98.0,253.0,253.0,98.0,467.0,95.0,1.0,85.0,271.0,3.0,3.0,271.0,0.0
134,-119.0280826513378,36.19462413798968,197.0,126,38,7001.0,381.0,53.0,328.0,133.0,300.0,300.0,108.0,395.0,72.0,1.0,82.0,207.0,3.0,3.0,199.0,0.0
135,-122.0512269569526,40.41403554953615,163.0,122,35,7471.0,363.0,21.0,341.0,67.0,273.0,273.0,67.0,923.0,163.0,4.0,73.0,479.0,23.0,23.0,479.0,0.0
136,-119.56379103397974,37.48266318870376,74.0,123,39,6475.0,251.0,-61.0,313.0,3.0,170.0,170.0,-6.0,1029.0,183.0,3.0,79.0,544.0,14.0,14.0,507.0,0.0
137,-118.08726778215208,37.576032521661126,69.0,117,33,7978.0,260.0,-89.0,350.0,-22.0,116.0,185.0,-34.0,224.0,26.0,9.0,28.0,79.0,37.0,46.0,77.0,0.0
138,-122.65859699142732,40.91295489088264,103.0,121,37,6820.0,293.0,-29.0,322.0,16.0,204.0,204.0,16.0,1193.0,208.0,7.0,71.0,606.0,39.0,39.0,606.0,0.0
139,-120.9622805929418,37.42804141108834,173.0,123,43,5204.0,331.0,50.0,281.0,114.0,240.0,245.0,102.0,307.0,58.0,1.0,83.0,164.0,4.0,5.0,162.0,0.0
140,-120.90044535563416,41.70576198746025,87.0,117,34,7595.0,291.0,-50.0,342.0,2.0,204.0,204.0,-7.0,372.0,48.0,8.0,40.0,139.0,29.0,29.0,133.0,0.0
141,-116.47349678285596,32.877383806966606,112.0,128,45,5289.0,267.0,-13.0,280.0,64.0,145.0,191.0,45.0,588.0,109.0,3.0,79.0,315.0,24.0,46.0,299.0,0.0
142,-121.9525405002776,40.30747758046363,148.0,122,35,7366.0,345.0,6.0,338.0,52.0,256.0,256.0,52.0,898.0,159.0,3.0,72.0,462.0,22.0,22.0,462.0,0.0
143,-121.33133268115785,37.13746163862388,136.0,116,46,4403.0,275.0,24.0,250.0,84.0,191.0,195.0,74.0,412.0,82.0,1.0,90.0,239.0,4.0,5.0,232.0,0.0
144,-121.594886600784,37.08607759237989,151.0,102,47,3764.0,270.0,52.0,217.0,98.0,197.0,201.0,97.0,431.0,90.0,1.0,90.0,255.0,4.0,5.0,255.0,0.0
145,-120.019885697883,39.28641831922732,53.0,124,36,7256.0,245.0,-95.0,340.0,-40.0,159.0,160.0,-40.0,850.0,164.0,12.0,73.0,463.0,44.0,44.0,463.0,0.0
146,-119.8432269836534,38.790383197442296,60.0,123,36,7111.0,247.0,-87.0,335.0,-30.0,165.0,165.0,-30.0,683.0,133.0,11.0,72.0,370.0,36.0,36.0,370.0,0.0
147,-119.81127791618498,35.84254208376474,189.0,133,42,6074.0,363.0,49.0,314.0,120.0,269.0,277.0,110.0,165.0,33.0,0.0,86.0,98.0,1.0,2.0,89.0,0.0
148,-118.65331881143376,37.23779965905288,12.0,118,36,7029.0,191.0,-131.0,322.0,-72.0,108.0,116.0,-76.0,411.0,73.0,10.0,64.0,204.0,32.0,33.0,204.0,0.0
149,-123.24095457776772,41.35148682748726,51.0,112,39,5723.0,217.0,-63.0,280.0,-20.0,126.0,136.0,-20.0,1385.0,267.0,6.0,83.0,798.0,32.0,43.0,798.0,0.0
150,-116.56608016530184,33.10186371495221,144.0,128,44,5467.0,300.0,14.0,286.0,79.0,178.0,224.0,74.0,439.0,82.0,2.0,79.0,234.0,17.0,31.0,231.0,0.0
151,-121.91383713151755,39.013947982506885,177.0,123,40,6165.0,353.0,47.0,305.0,94.0,263.0,263.0,94.0,444.0,86.0,1.0,85.0,254.0,3.0,3.0,254.0,0.0
152,-114.88305694114806,32.929746087419474,243.0,134,39,7285.0,426.0,84.0,342.0,346.0,301.0,346.0,146.0,79.0,12.0,0.0,55.0,31.0,1.0,31.0,29.0,0.0
153,-118.39880718953378,37.459142675279736,138.0,117,32,8229.0,334.0,-21.0,356.0,33.0,202.0,259.0,33.0,243.0,36.0,8.0,45.0,105.0,34.0,38.0,105.0,0.0
154,-121.19648254727922,37.33229147543137,156.0,120,45,4762.0,304.0,38.0,265.0,89.0,217.0,221.0,89.0,313.0,66.0,1.0,90.0,184.0,3.0,4.0,184.0,0.0
155,-121.80122439193048,39.94813380938338,152.0,122,36,7111.0,345.0,14.0,331.0,60.0,255.0,255.0,60.0,1023.0,199.0,2.0,79.0,570.0,15.0,15.0,570.0,0.0
156,-122.69990700003645,41.47295228549212,73.0,119,38,6568.0,259.0,-54.0,314.0,-9.0,172.0,172.0,-9.0,767.0,135.0,10.0,69.0,401.0,42.0,42.0,401.0,0.0
157,-114.39240638798778,34.31745996159797,195.0,127,36,7748.0,377.0,30.0,346.0,105.0,262.0,303.0,92.0,151.0,23.0,1.0,55.0,64.0,4.0,51.0,63.0,0.0
158,-116.01553837808528,36.03212019844368,196.0,124,32,8733.0,395.0,19.0,375.0,95.0,273.0,318.0,78.0,184.0,36.0,2.0,64.0,100.0,9.0,35.0,96.0,0.0
159,-120.89726251340056,37.02246991250876,172.0,126,44,5166.0,330.0,46.0,283.0,112.0,238.0,243.0,100.0,237.0,48.0,0.0,86.0,135.0,1.0,2.0,133.0,0.0
160,-121.18332097173814,39.63145157459416,111.0,123,37,6856.0,300.0,-25.0,326.0,22.0,210.0,210.0,22.0,1613.0,342.0,3.0,84.0,954.0,15.0,15.0,954.0,0.0
161,-116.16105660638544,35.25551679443472,210.0,128,34,8362.0,407.0,38.0,369.0,112.0,281.0,327.0,97.0,111.0,16.0,1.0,48.0,44.0,4.0,32.0,42.0,0.0
162,-118.57310671006456,34.68163673138195,119.0,125,42,5875.0,281.0,-12.0,293.0,51.0,195.0,204.0,44.0,453.0,95.0,1.0,90.0,278.0,3.0,9.0,235.0,0.0
163,-121.51440326965935,38.11798954343385,169.0,119,43,5101.0,322.0,50.0,272.0,98.0,238.0,238.0,98.0,390.0,79.0,1.0,86.0,225.0,3.0,3.0,225.0,0.0
164,-119.45555522767916,37.61944490453993,35.0,122,38,6532.0,212.0,-102.0,314.0,-39.0,132.0,132.0,-46.0,1018.0,191.0,6.0,79.0,551.0,22.0,22.0,533.0,0.0
165,-117.10158741824364,33.139883459891834,182.0,105,44,4516.0,312.0,74.0,238.0,132.0,235.0,249.0,125.0,310.0,59.0,1.0,86.0,170.0,4.0,7.0,165.0,0.0
166,-115.97523148114436,32.84983775869643,223.0,135,42,6317.0,397.0,79.0,318.0,141.0,267.0,315.0,141.0,115.0,21.0,1.0,62.0,58.0,4.0,25.0,58.0,0.0
167,-122.45652438922411,40.21677064932058,163.0,122,36,7094.0,356.0,26.0,330.0,71.0,267.0,267.0,71.0,770.0,155.0,3.0,81.0,442.0,15.0,15.0,442.0,0.0
168,-115.39069265265373,35.3100204428968,183.0,127,34,8275.0,377.0,13.0,364.0,191.0,255.0,299.0,72.0,212.0,27.0,2.0,44.0,77.0,11.0,76.0,76.0,0.0
169,-122.09945677437976,37.63278296210422,152.0,91,46,3510.0,258.0,61.0,197.0,100.0,195.0,197.0,100.0,496.0,104.0,1.0,88.0,296.0,5.0,5.0,296.0,0.0
170,-118.25341572982803,36.22123939002648,64.0,120,37,7155.0,245.0,-80.0,326.0,-18.0,160.0,169.0,-26.0,481.0,91.0,5.0,80.0,266.0,17.0,20.0,243.0,0.0
171,-123.2595306406638,39.904659456561134,108.0,109,40,5432.0,265.0,-3.0,268.0,37.0,179.0,186.0,37.0,1412.0,293.0,2.0,90.0,861.0,14.0,20.0,861.0,0.0
172,-120.8911296668212,39.52884721485415,112.0,123,37,6945.0,302.0,-26.0,329.0,22.0,213.0,213.0,22.0,1421.0,296.0,3.0,82.0,830.0,16.0,16.0,830.0,0.0
173,-123.49413770549444,39.70990811379879,119.0,97,40,4813.0,257.0,19.0,238.0,56.0,181.0,188.0,56.0,1400.0,270.0,2.0,84.0,789.0,14.0,25.0,789.0,0.0
174,-120.22372019005608,37.6746457839759,170.0,123,39,6248.0,345.0,37.0,308.0,89.0,261.0,261.0,89.0,619.0,123.0,1.0,85.0,351.0,4.0,4.0,351.0,0.0
175,-115.82074717033322,35.753221761127925,179.0,126,33,8500.0,376.0,6.0,370.0,81.0,253.0,298.0,64.0,205.0,32.0,3.0,49.0,91.0,12.0,62.0,87.0,0.0
176,-114.52225931187594,33.69422945838996,252.0,130,37,7750.0,437.0,86.0,350.0,360.0,318.0,360.0,148.0,100.0,19.0,1.0,57.0,45.0,4.0,45.0,35.0,0.0
177,-123.68727732069024,41.3309613830837,103.0,95,40,4907.0,244.0,6.0,237.0,42.0,167.0,176.0,42.0,1641.0,321.0,4.0,84.0,951.0,27.0,32.0,951.0,0.0
178,-117.32558224432914,35.28214831614845,167.0,127,36,7720.0,358.0,9.0,348.0,77.0,230.0,277.0,65.0,143.0,28.0,2.0,70.0,82.0,7.0,25.0,63.0,0.0
179,-120.21387262339042,35.88370211970525,148.0,132,44,5509.0,313.0,15.0,298.0,77.0,220.0,227.0,75.0,250.0,58.0,0.0,95.0,160.0,1.0,2.0,159.0,0.0
180,-121.7883783877461,36.886934852788485,151.0,87,47,3146.0,250.0,67.0,183.0,106.0,188.0,193.0,106.0,471.0,97.0,1.0,89.0,276.0,5.0,5.0,276.0,0.0
181,-120.84467950712808,41.762538385851805,86.0,116,34,7590.0,290.0,-51.0,341.0,2.0,203.0,203.0,-8.0,406.0,55.0,8.0,42.0,159.0,31.0,31.0,150.0,0.0
182,-122.08721254060772,41.98582102217823,83.0,120,36,7000.0,278.0,-48.0,327.0,5.0,190.0,190.0,-4.0,456.0,73.0,9.0,51.0,208.0,37.0,37.0,201.0,0.0
183,-117.612033009205,37.08636447769058,133.0,116,32,8467.0,328.0,-31.0,360.0,35.0,200.0,254.0,21.0,174.0,23.0,7.0,32.0,68.0,27.0,37.0,58.0,0.0
184,-116.94938120982528,34.61444142679352,166.0,132,38,7161.0,351.0,11.0,339.0,82.0,222.0,268.0,71.0,221.0,36.0,1.0,61.0,103.0,9.0,33.0,102.0,0.0
185,-119.26400105924836,35.52200653730697,198.0,130,40,6482.0,375.0,56.0,319.0,124.0,283.0,293.0,115.0,168.0,32.0,0.0,82.0,94.0,2.0,2.0,81.0,0.0
186,-117.09057590233836,35.786732718211034,199.0,122,33,8393.0,396.0,31.0,364.0,101.0,270.0,317.0,87.0,104.0,20.0,1.0,68.0,58.0,6.0,23.0,45.0,0.0
187,-121.91754325962538,41.25554710594884,104.0,122,35,7396.0,305.0,-35.0,341.0,10.0,215.0,215.0,10.0,909.0,154.0,7.0,68.0,447.0,31.0,31.0,447.0,0.0
188,-121.40334763347724,38.82578920388985,178.0,123,40,6128.0,353.0,49.0,304.0,96.0,264.0,264.0,96.0,553.0,115.0,1.0,86.0,325.0,5.0,5.0,325.0,0.0
189,-114.53337977108356,34.107272380427446,245.0,128,36,7917.0,430.0,77.0,353.0,145.0,313.0,355.0,139.0,92.0,14.0,1.0,56.0,40.0,3.0,32.0,40.0,0.0
190,-118.97688078034837,37.858871516042186,64.0,120,35,7447.0,252.0,-86.0,339.0,-29.0,165.0,175.0,-29.0,461.0,77.0,13.0,61.0,228.0,45.0,45.0,228.0,0.0
191,-120.02555666778494,40.22622506587734,118.0,120,32,8210.0,326.0,-39.0,365.0,11.0,240.0,240.0,11.0,250.0,42.0,6.0,53.0,120.0,19.0,19.0,120.0,0.0
192,-121.63118348909444,36.61413049553116,150.0,93,47,3341.0,256.0,60.0,195.0,103.0,191.0,195.0,103.0,378.0,79.0,1.0,88.0,221.0,4.0,4.0,221.0,0.0
193,-121.11800358289264,38.29005374205356,176.0,123,41,5765.0,344.0,49.0,295.0,98.0,257.0,257.0,98.0,498.0,99.0,1.0,84.0,284.0,5.0,5.0,284.0,0.0
194,-117.0225597526193,36.5088202851374,231.0,117,30,9081.0,433.0,54.0,379.0,124.0,310.0,359.0,109.0,70.0,12.0,1.0,55.0,33.0,5.0,13.0,32.0,0.0
195,-118.9545690805662,34.95257229966697,173.0,126,41,6130.0,342.0,38.0,303.0,103.0,253.0,263.0,96.0,306.0,57.0,1.0,84.0,164.0,4.0,5.0,159.0,0.0
196,-121.44525812196628,40.88862391754494,109.0,121,35,7573.0,310.0,-34.0,345.0,12.0,222.0,222.0,12.0,700.0,104.0,6.0,60.0,311.0,27.0,27.0,311.0,0.0
197,-118.24503852607788,36.97113015669679,151.0,116,33,8143.0,344.0,-6.0,350.0,57.0,247.0,270.0,46.0,173.0,32.0,5.0,67.0,93.0,15.0,16.0,89.0,0.0
198,-115.90918794755348,34.17452111489449,216.0,133,38,7526.0,405.0,55.0,349.0,116.0,277.0,323.0,116.0,71.0,10.0,0.0,52.0,28.0,1.0,27.0,28.0,0.0
199,-122.0796422641234,39.7183819344401,178.0,122,37,6950.0,368.0,41.0,327.0,87.0,277.0,277.0,87.0,597.0,125.0,1.0,84.0,356.0,9.0,9.0,356.0,0.0
200,-123.4931491607702,39.0803639475135,136.0,68,40,3426.0,230.0,62.0,168.0,90.0,178.0,184.0,90.0,970.0,206.0,2.0,86.0,587.0,11.0,16.0,587.0,0.0
201,-122.06441600277032,38.24609873485599,162.0,109,43,4656.0,301.0,52.0,249.0,96.0,221.0,224.0,96.0,507.0,113.0,0.0,93.0,319.0,4.0,4.0,319.0,0.0
202,-122.00470669314936,40.42954375006892,154.0,122,35,7460.0,354.0,12.0,341.0,58.0,263.0,264.0,58.0,1081.0,201.0,4.0,76.0,583.0,27.0,27.0,583.0,0.0
203,-122.78395878091476,39.35777704896807,79.0,114,41,5453.0,239.0,-36.0,276.0,7.0,156.0,156.0,7.0,1096.0,207.0,2.0,84.0,608.0,16.0,16.0,608.0,0.0
204,-114.9243603750066,33.01598981346417,239.0,134,39,7274.0,422.0,81.0,341.0,342.0,297.0,342.0,142.0,77.0,13.0,0.0,55.0,33.0,1.0,33.0,27.0,0.0
